{
  "slack_mode": "previous_chunk",
  "row_count": 6373,
  "excluded_first_decoding_chunks": 180,
  "human": {
    "count": 6373,
    "mean": 7.298342332385397,
    "p05": -9.369422655180097,
    "p50": 5.103385021910071,
    "p95": 29.979153614118662,
    "min": -181.7946872729808,
    "max": 407.9867767529795
  },
  "human_negative": {
    "count": 1681,
    "fraction": 0.2637690255766515
  },
  "max_num_seqs": 128,
  "tensor_parallel_size": 1,
  "gpu_memory_utilization": 0.95
}