max_num_seqs,row_count,mean,p05,p50,p95,min,max,tensor_parallel_size,gpu_memory_utilization
16,35306,2.4002508087229533,-0.1634051796863787,1.779142028419301,6.974517092836322,-5.043044718098827,59.00855292798951,1,0.95
32,34246,2.2495188360890426,-0.4155035729636438,1.6347437144140713,6.769843989255605,-11.204060435993597,60.53864702000283,1,0.95
64,33857,2.11283443373964,-0.6821175070013851,1.5222332660341635,6.66614425803996,-22.810325762955472,61.168953636894,1,0.95
128,34302,1.9347945481779931,-0.9562506983696943,1.4237771039479412,6.407408026675693,-244.71824007295072,135.43655781901907,1,0.95
