{
  "max_num_seqs": 64,
  "control_case": false,
  "h2_ttft_p50_baseline": 18.625879049301147,
  "h2_ttft_p90_baseline": 27.41499218940735,
  "h2_ttft_cohort": "post_cap_arrivals",
  "h2_ttft_count_baseline": 192,
  "h3_slack_neg_ratio_baseline": 0.004277805737292401,
  "h4_tpot_p50_baseline": 0.017275628148543477,
  "queue_stall_p50_baseline": 11.827916091657244,
  "queue_stall_p90_baseline": 27.31064557400532,
  "ttft": {
    "baseline_all": {
      "count": 256,
      "mean": 13.920281398110092,
      "p50": 11.9027419090271,
      "p90": 27.41114628314972,
      "p99": 27.443814909458162
    },
    "baseline_h2": {
      "count": 192,
      "mean": 18.458771833529074,
      "p50": 18.625879049301147,
      "p90": 27.41499218940735,
      "p99": 27.44389271736145
    },
    "sslo_all": {
      "count": 256,
      "mean": 4.0514582600444555,
      "p50": 3.374366044998169,
      "p90": 9.20128083229065,
      "p99": 10.913154530525206
    },
    "sslo_h2": {
      "count": 192,
      "mean": 5.2980717706183595,
      "p50": 4.710256576538086,
      "p90": 9.666634345054627,
      "p99": 10.982046613693239
    },
    "sslo_adaptive_all": {
      "count": 256,
      "mean": 3.6634405199438334,
      "p50": 3.1811999082565308,
      "p90": 6.855717182159424,
      "p99": 8.488386154174805
    },
    "sslo_adaptive_h2": {
      "count": 192,
      "mean": 4.782648033152024,
      "p50": 4.577207922935486,
      "p90": 7.524949431419373,
      "p99": 8.489182007312774
    }
  },
  "tpot": {
    "baseline": {
      "count": 256,
      "mean": 0.0174401129068614,
      "p50": 0.017275628148543477,
      "p90": 0.018066339768877584
    },
    "sslo": {
      "count": 256,
      "mean": 0.05651562174983036,
      "p50": 0.057947717598819865,
      "p90": 0.06710181183590866
    },
    "sslo_adaptive": {
      "count": 256,
      "mean": 0.05944775258516821,
      "p50": 0.060889132114477204,
      "p90": 0.06962622271225571
    }
  },
  "queue_stall": {
    "baseline": {
      "count": 256,
      "p50": 11.827916091657244,
      "p90": 27.31064557400532
    },
    "available": true,
    "sslo": {
      "count": 256,
      "p50": 3.3234010048909113,
      "p90": 9.09664107102435
    },
    "sslo_adaptive": {
      "count": 256,
      "p50": 3.1374872835585847,
      "p90": 6.749349104007706
    }
  },
  "slack": {
    "baseline": {
      "count": 7948,
      "neg_slack_ratio": 0.004277805737292401,
      "p5": 2.205139911302831,
      "p50": 49.508658622042276,
      "p95": 100.94506641841726
    },
    "sslo": {
      "count": 7678,
      "neg_slack_ratio": 0.004428236519927064,
      "p5": 1.9913177883834579,
      "p50": 38.72695968556218,
      "p95": 80.12291002254933
    },
    "sslo_adaptive": {
      "count": 7662,
      "neg_slack_ratio": 0.004045941007569825,
      "p5": 1.9226999916718341,
      "p50": 36.77169638907071,
      "p95": 78.31344179461011
    }
  },
  "run_complete": true,
  "missing_files": [],
  "run_status": {
    "baseline": 0,
    "sslo": 0,
    "sslo_adaptive": 0
  },
  "h1_sslo_pending_plus_running_exceeds_cap": true,
  "h1_sslo_note": null,
  "h1_sslo_max_combined": 253,
  "h1_sslo_iterations_above_cap": 1974,
  "h1_sslo_max_pending": 189,
  "h2_ttft_p50_sslo": 4.710256576538086,
  "h2_ttft_p50_pct_change_sslo": -74.7112253651469,
  "h2_ttft_p90_sslo": 9.666634345054627,
  "h2_ttft_cohort_sslo": "post_cap_arrivals",
  "h2_ttft_count_sslo": 192,
  "h2_ttft_p50_not_worse_sslo": true,
  "h3_slack_neg_ratio_sslo": 0.004428236519927064,
  "h3_slack_neg_ratio_not_worse_sslo": false,
  "h4_tpot_p50_sslo": 0.057947717598819865,
  "h4_tpot_p50_pct_change_sslo": 235.43045208289857,
  "queue_stall_p50_sslo": 3.3234010048909113,
  "queue_stall_p90_sslo": 9.09664107102435,
  "queue_stall_p50_pct_change_sslo": -71.90205798606355,
  "h1_sslo_adaptive_pending_plus_running_exceeds_cap": true,
  "h1_sslo_adaptive_note": null,
  "h1_sslo_adaptive_max_combined": 256,
  "h1_sslo_adaptive_iterations_above_cap": 2100,
  "h1_sslo_adaptive_max_pending": 208,
  "h2_ttft_p50_sslo_adaptive": 4.577207922935486,
  "h2_ttft_p50_pct_change_sslo_adaptive": -75.42554683824588,
  "h2_ttft_p90_sslo_adaptive": 7.524949431419373,
  "h2_ttft_cohort_sslo_adaptive": "post_cap_arrivals",
  "h2_ttft_count_sslo_adaptive": 192,
  "h2_ttft_p50_not_worse_sslo_adaptive": true,
  "h3_slack_neg_ratio_sslo_adaptive": 0.004045941007569825,
  "h3_slack_neg_ratio_not_worse_sslo_adaptive": true,
  "h4_tpot_p50_sslo_adaptive": 0.060889132114477204,
  "h4_tpot_p50_pct_change_sslo_adaptive": 252.45683451232895,
  "queue_stall_p50_sslo_adaptive": 3.1374872835585847,
  "queue_stall_p90_sslo_adaptive": 6.749349104007706,
  "queue_stall_p50_pct_change_sslo_adaptive": -73.4738794285868
}
