{
  "slack_mode": "previous_chunk",
  "row_count": 31946,
  "excluded_first_decoding_chunks": 180,
  "human": {
    "count": 31946,
    "mean": 1.544866096825036,
    "p05": -1.6320919864228927,
    "p50": 1.0768807379645295,
    "p95": 6.051412331493339,
    "min": -26.226344918948598,
    "max": 77.48470972804353
  },
  "human_negative": {
    "count": 7422,
    "fraction": 0.23232955612596257
  },
  "max_num_seqs": 128,
  "tensor_parallel_size": 1,
  "gpu_memory_utilization": 0.95
}