max_num_seqs,row_count,mean,p05,p50,p95,min,max,tensor_parallel_size,gpu_memory_utilization
16,6591,319.6340610241366,17.032892763556447,271.61822607705835,809.3739387990208,-105.70834821590688,1307.0716764209792,1,0.95
32,6258,304.60684012174397,13.628676237148472,257.2045733470004,752.6793733774847,-393.58644867595285,1323.3815035339212,1,0.95
64,6363,298.741185272291,13.014701311476532,253.98497857211623,740.798139686475,-367.9780234339414,1346.2257618500153,1,0.95
128,6373,298.529228885028,10.292340556997807,248.83709656901192,744.4023064942331,-167.7946872729808,1168.5348681600299,1,0.95
