{
  "slack_mode": "previous_chunk",
  "row_count": 6584,
  "excluded_first_decoding_chunks": 180,
  "human": {
    "count": 6584,
    "mean": 10.534175646662913,
    "p05": -3.8543716880376446,
    "p50": 7.166599814023357,
    "p95": 34.45424935182654,
    "min": -70.07019423600286,
    "max": 286.1487704170868
  },
  "max_num_seqs": 64,
  "tensor_parallel_size": 1,
  "gpu_memory_utilization": 0.95
}