{
  "max_num_seqs": 32,
  "control_case": false,
  "h2_ttft_p50_baseline": 29.558406591415405,
  "h2_ttft_p90_baseline": 50.920784902572635,
  "h2_ttft_cohort": "post_cap_arrivals",
  "h2_ttft_count_baseline": 224,
  "h3_slack_neg_ratio_baseline": 0.0033213763783711972,
  "h4_tpot_p50_baseline": 0.013929122742475056,
  "queue_stall_p50_baseline": 24.16704375552945,
  "queue_stall_p90_baseline": 50.730107706040144,
  "ttft": {
    "baseline_all": {
      "count": 256,
      "mean": 25.773652208037674,
      "p50": 24.38821244239807,
      "p90": 50.91761016845703,
      "p99": 50.94866951704025
    },
    "baseline_h2": {
      "count": 224,
      "mean": 29.39859135023185,
      "p50": 29.558406591415405,
      "p90": 50.920784902572635,
      "p99": 50.94870331525803
    },
    "sslo_all": {
      "count": 256,
      "mean": 15.692841414362192,
      "p50": 9.301580905914307,
      "p90": 41.34917187690735,
      "p99": 43.945029807090755
    },
    "sslo_h2": {
      "count": 224,
      "mean": 17.912517016487463,
      "p50": 12.542951345443726,
      "p90": 41.70865361690522,
      "p99": 43.97544927120209
    },
    "sslo_adaptive_all": {
      "count": 256,
      "mean": 9.383015997707844,
      "p50": 8.534526824951172,
      "p90": 20.858168482780457,
      "p99": 23.386957347393036
    },
    "sslo_adaptive_h2": {
      "count": 224,
      "mean": 10.70149903850896,
      "p50": 9.739802479743958,
      "p90": 21.750332331657425,
      "p99": 23.386987483501436
    }
  },
  "tpot": {
    "baseline": {
      "count": 256,
      "mean": 0.013941641954878882,
      "p50": 0.013929122742475056,
      "p90": 0.014466203008232752
    },
    "sslo": {
      "count": 256,
      "mean": 0.06195263162526835,
      "p50": 0.06988622531898087,
      "p90": 0.086829191158296
    },
    "sslo_adaptive": {
      "count": 256,
      "mean": 0.08569985995648573,
      "p50": 0.08872163380631073,
      "p90": 0.10640863770912465
    }
  },
  "queue_stall": {
    "baseline": {
      "count": 256,
      "p50": 24.16704375552945,
      "p90": 50.730107706040144
    },
    "available": true,
    "sslo": {
      "count": 256,
      "p50": 9.260646719485521,
      "p90": 41.25619452469982
    },
    "sslo_adaptive": {
      "count": 256,
      "p50": 8.48891920899041,
      "p90": 20.765832455363125
    }
  },
  "slack": {
    "baseline": {
      "count": 7527,
      "neg_slack_ratio": 0.0033213763783711972,
      "p5": 1.995280209928751,
      "p50": 50.00558349117637,
      "p95": 103.33008480414281
    },
    "sslo": {
      "count": 7555,
      "neg_slack_ratio": 0.0034414295168762408,
      "p5": 1.6876105796545746,
      "p50": 38.63597578485496,
      "p95": 78.42424198959488
    },
    "sslo_adaptive": {
      "count": 7609,
      "neg_slack_ratio": 0.003811276120383756,
      "p5": 2.0144085620529952,
      "p50": 30.550546748097986,
      "p95": 63.773876506928346
    }
  },
  "run_complete": true,
  "missing_files": [],
  "run_status": {
    "baseline": 0,
    "sslo": 0,
    "sslo_adaptive": 0
  },
  "h1_sslo_pending_plus_running_exceeds_cap": true,
  "h1_sslo_note": null,
  "h1_sslo_max_combined": 184,
  "h1_sslo_iterations_above_cap": 4010,
  "h1_sslo_max_pending": 152,
  "h2_ttft_p50_sslo": 12.542951345443726,
  "h2_ttft_p50_pct_change_sslo": -57.565536198130005,
  "h2_ttft_p90_sslo": 41.70865361690522,
  "h2_ttft_cohort_sslo": "post_cap_arrivals",
  "h2_ttft_count_sslo": 224,
  "h2_ttft_p50_not_worse_sslo": true,
  "h3_slack_neg_ratio_sslo": 0.0034414295168762408,
  "h3_slack_neg_ratio_not_worse_sslo": false,
  "h4_tpot_p50_sslo": 0.06988622531898087,
  "h4_tpot_p50_pct_change_sslo": 401.7273995717754,
  "queue_stall_p50_sslo": 9.260646719485521,
  "queue_stall_p90_sslo": 41.25619452469982,
  "queue_stall_p50_pct_change_sslo": -61.68068046234792,
  "h1_sslo_adaptive_pending_plus_running_exceeds_cap": true,
  "h1_sslo_adaptive_note": null,
  "h1_sslo_adaptive_max_combined": 242,
  "h1_sslo_adaptive_iterations_above_cap": 4141,
  "h1_sslo_adaptive_max_pending": 226,
  "h2_ttft_p50_sslo_adaptive": 9.739802479743958,
  "h2_ttft_p50_pct_change_sslo_adaptive": -67.04895966018456,
  "h2_ttft_p90_sslo_adaptive": 21.750332331657425,
  "h2_ttft_cohort_sslo_adaptive": "post_cap_arrivals",
  "h2_ttft_count_sslo_adaptive": 224,
  "h2_ttft_p50_not_worse_sslo_adaptive": true,
  "h3_slack_neg_ratio_sslo_adaptive": 0.003811276120383756,
  "h3_slack_neg_ratio_not_worse_sslo_adaptive": false,
  "h4_tpot_p50_sslo_adaptive": 0.08872163380631073,
  "h4_tpot_p50_pct_change_sslo_adaptive": 536.9506209875343,
  "queue_stall_p50_sslo_adaptive": 8.48891920899041,
  "queue_stall_p90_sslo_adaptive": 20.765832455363125,
  "queue_stall_p50_pct_change_sslo_adaptive": -64.87398585088367
}
