{
  "max_num_seqs": 64,
  "control_case": false,
  "h1_pending_plus_running_exceeds_cap": true,
  "h1_note": null,
  "h1_max_combined": 252,
  "h1_iterations_above_cap": 1983,
  "h2_ttft_p50_baseline": 18.2247953414917,
  "h2_ttft_p50_sslo": 4.670373916625977,
  "h2_ttft_p50_pct_change": -74.37351789628543,
  "h2_ttft_p90_baseline": 26.894660568237306,
  "h2_ttft_p90_sslo": 9.497467136383056,
  "h2_ttft_cohort": "post_cap_arrivals",
  "h2_ttft_count_baseline": 192,
  "h2_ttft_count_sslo": 192,
  "h2_ttft_p50_not_worse": true,
  "h3_slack_neg_ratio_baseline": 0.004182509505703422,
  "h3_slack_neg_ratio_sslo": 0.0041247744263985565,
  "h3_slack_neg_ratio_not_worse": true,
  "h4_tpot_p50_baseline": 0.01707192018779392,
  "h4_tpot_p50_sslo": 0.05764313637294466,
  "h4_tpot_p50_pct_change": 237.6488159437293,
  "queue_stall_p50_baseline": 11.660844241036102,
  "queue_stall_p50_sslo": 3.3402051120065153,
  "queue_stall_p90_baseline": 26.79538887005765,
  "queue_stall_p90_sslo": 9.04706168489065,
  "queue_stall_p50_pct_change": -71.3553749371604,
  "ttft": {
    "baseline_all": {
      "count": 256,
      "mean": 13.66606875602156,
      "p50": 11.735446810722351,
      "p90": 26.89057457447052,
      "p99": 26.92193970680237
    },
    "sslo_all": {
      "count": 256,
      "mean": 3.9992476934567094,
      "p50": 3.3823739290237427,
      "p90": 9.138216614723206,
      "p99": 10.733065843582153
    },
    "baseline_h2": {
      "count": 192,
      "mean": 18.11985682323575,
      "p50": 18.2247953414917,
      "p90": 26.894660568237306,
      "p99": 26.922020490169526
    },
    "sslo_h2": {
      "count": 192,
      "mean": 5.2310809542735415,
      "p50": 4.670373916625977,
      "p90": 9.497467136383056,
      "p99": 10.742304120063782
    }
  },
  "tpot": {
    "baseline": {
      "count": 256,
      "mean": 0.01714279471315419,
      "p50": 0.01707192018779392,
      "p90": 0.0176048129432472
    },
    "sslo": {
      "count": 256,
      "mean": 0.05540587227989361,
      "p50": 0.05764313637294466,
      "p90": 0.06590683180237382
    }
  },
  "queue_stall": {
    "baseline": {
      "count": 256,
      "p50": 11.660844241036102,
      "p90": 26.79538887005765
    },
    "sslo": {
      "count": 256,
      "p50": 3.3402051120065153,
      "p90": 9.04706168489065
    },
    "available": true
  },
  "slack": {
    "baseline": {
      "count": 7890,
      "neg_slack_ratio": 0.004182509505703422,
      "p5": 2.1792606479721144,
      "p50": 49.749737590085715,
      "p95": 101.9049343906343
    },
    "sslo": {
      "count": 7758,
      "neg_slack_ratio": 0.0041247744263985565,
      "p5": 2.0730139615014203,
      "p50": 39.59843808691949,
      "p95": 80.27065117862075
    }
  },
  "run_complete": true,
  "missing_files": [],
  "run_status": {
    "baseline": 0,
    "sslo": 0
  }
}
