{
  "slack_mode": "cumulative",
  "row_count": 35306,
  "excluded_first_decoding_chunks": 180,
  "human": {
    "count": 35306,
    "mean": 351.0885825370347,
    "p05": 29.969963052280946,
    "p50": 289.8920435484615,
    "p95": 906.523970928014,
    "min": -1.1200674490537494,
    "max": 1417.8040591060417
  },
  "max_num_seqs": 16,
  "tensor_parallel_size": 1,
  "gpu_memory_utilization": 0.95
}