max_num_seqs,row_count,mean,p05,p50,p95,min,max,tensor_parallel_size,gpu_memory_utilization
16,31643,310.5956377685178,26.020805235777516,250.2038217530353,826.0414866563742,-1.4619008970912546,1352.273728475091,1,0.95
32,31869,313.97267603660447,26.587503629806456,257.15898505900986,821.1659636140334,-3.4331966961035505,1367.4831506519113,1,0.95
64,32120,316.6523724776447,27.673095087875843,251.31945439247647,857.2720928813912,-3.028671480016783,1347.5864548539976,1,0.95
128,31946,310.67207951946926,27.06298875377979,254.28690184396692,790.2024842727697,-4.0504747710656375,1407.713827208965,1,0.95
