{
  "slack_mode": "cumulative",
  "row_count": 6397,
  "excluded_first_decoding_chunks": 180,
  "human": {
    "count": 6397,
    "mean": 322.399225297635,
    "p05": 18.786817962350327,
    "p50": 277.37327761098277,
    "p95": 770.7153137161396,
    "min": -138.49225697794463,
    "max": 1375.0916398280533
  },
  "human_negative": {
    "count": 85,
    "fraction": 0.013287478505549476
  },
  "max_num_seqs": 16,
  "tensor_parallel_size": 1,
  "gpu_memory_utilization": 0.95
}