{
  "slack_mode": "cumulative",
  "row_count": 6591,
  "excluded_first_decoding_chunks": 180,
  "human": {
    "count": 6591,
    "mean": 319.6340610241366,
    "p05": 17.032892763556447,
    "p50": 271.61822607705835,
    "p95": 809.3739387990208,
    "min": -105.70834821590688,
    "max": 1307.0716764209792
  },
  "human_negative": {
    "count": 167,
    "fraction": 0.025337581550599304
  },
  "max_num_seqs": 16,
  "tensor_parallel_size": 1,
  "gpu_memory_utilization": 0.95
}