{
  "slack_mode": "previous_chunk",
  "row_count": 6258,
  "excluded_first_decoding_chunks": 180,
  "human": {
    "count": 6258,
    "mean": 9.384245043445677,
    "p05": -4.700559029687429,
    "p50": 6.504661328042857,
    "p95": 30.823490812536328,
    "min": -398.6264486759901,
    "max": 624.2206532639684
  },
  "human_negative": {
    "count": 1187,
    "fraction": 0.18967721316714606
  },
  "max_num_seqs": 32,
  "tensor_parallel_size": 1,
  "gpu_memory_utilization": 0.95
}