{
  "slack_mode": "cumulative",
  "row_count": 6373,
  "excluded_first_decoding_chunks": 180,
  "human": {
    "count": 6373,
    "mean": 298.529228885028,
    "p05": 10.292340556997807,
    "p50": 248.83709656901192,
    "p95": 744.4023064942331,
    "min": -167.7946872729808,
    "max": 1168.5348681600299
  },
  "human_negative": {
    "count": 228,
    "fraction": 0.03577592970343637
  },
  "max_num_seqs": 128,
  "tensor_parallel_size": 1,
  "gpu_memory_utilization": 0.95
}