{
  "slack_mode": "previous_chunk",
  "row_count": 34302,
  "excluded_first_decoding_chunks": 180,
  "human": {
    "count": 34302,
    "mean": 1.9347945481779931,
    "p05": -0.9562506983696943,
    "p50": 1.4237771039479412,
    "p95": 6.407408026675693,
    "min": -244.71824007295072,
    "max": 135.43655781901907
  },
  "max_num_seqs": 128,
  "tensor_parallel_size": 1,
  "gpu_memory_utilization": 0.95
}