{
  "slack_mode": "cumulative",
  "row_count": 33857,
  "excluded_first_decoding_chunks": 180,
  "human": {
    "count": 33857,
    "mean": 334.86400080996185,
    "p05": 28.600387793779376,
    "p50": 272.8340104330564,
    "p95": 865.265242179413,
    "min": -1.6258172651287168,
    "max": 1430.1402644310147
  },
  "max_num_seqs": 64,
  "tensor_parallel_size": 1,
  "gpu_memory_utilization": 0.95
}