{
  "max_num_seqs": 32,
  "control_case": false,
  "h2_ttft_p50_baseline": 91.66256546974182,
  "h2_ttft_p90_baseline": 153.22890982627874,
  "h2_ttft_p99_baseline": 168.987589700222,
  "h2_ttft_max_baseline": 173.3464913368225,
  "h2_ttft_cohort": "post_cap_arrivals",
  "h2_ttft_count_baseline": 224,
  "h3_slack_neg_ratio_baseline": 0.0174189923206593,
  "h4_tpot_p50_baseline": 0.04830924855406649,
  "queue_stall_p50_baseline": 75.41756092803553,
  "queue_stall_p90_baseline": 150.73162070848048,
  "queue_stall_p99_baseline": 168.65588506042258,
  "queue_stall_max_baseline": 173.19417058094405,
  "slo_compliance_rate_baseline": 0.66015625,
  "slo_compliance_count_baseline": 169,
  "slo_total_requests_baseline": 256,
  "neg_slack_mag_p50_baseline": 0.9433011710643768,
  "neg_slack_mag_p90_baseline": 2.405076151434332,
  "neg_slack_mag_p99_baseline": 4.760813389746455,
  "neg_slack_mag_max_baseline": 13.829056646907702,
  "running_mean_baseline": null,
  "running_p50_baseline": null,
  "running_p99_baseline": null,
  "combined_mean_baseline": null,
  "combined_p50_baseline": null,
  "combined_p99_baseline": null,
  "pending_time_p50_baseline": 0.0,
  "pending_time_p90_baseline": 0.0,
  "pending_time_p99_baseline": 0.0,
  "pending_intervals_p50_baseline": 0.0,
  "pending_intervals_p90_baseline": 0.0,
  "inter_chunk_delay_p50_baseline": 0.9354535460006446,
  "inter_chunk_delay_p90_baseline": 1.9957914196886124,
  "inter_chunk_delay_p99_baseline": 3.7497820136090763,
  "inter_chunk_delay_max_baseline": 14.109056646935642,
  "ttft": {
    "baseline_all": {
      "count": 256,
      "mean": 80.53431890159845,
      "p50": 75.6394807100296,
      "p90": 151.2340772151947,
      "p99": 168.98710454702376,
      "max": 173.3464913368225
    },
    "baseline_h2": {
      "count": 224,
      "mean": 91.94794989909444,
      "p50": 91.66256546974182,
      "p90": 153.22890982627874,
      "p99": 168.987589700222,
      "max": 173.3464913368225
    },
    "sslo_all": {
      "count": 256,
      "mean": 61.29099482577294,
      "p50": 47.42552101612091,
      "p90": 128.01610851287842,
      "p99": 144.46923241615295,
      "max": 144.57370948791504
    },
    "sslo_h2": {
      "count": 224,
      "mean": 69.9567548558116,
      "p50": 79.28314292430878,
      "p90": 129.67710034847264,
      "p99": 144.529735956192,
      "max": 144.57370948791504
    },
    "sslo_offload_all": {
      "count": 256,
      "mean": 61.31365689821541,
      "p50": 49.566736459732056,
      "p90": 129.34447836875916,
      "p99": 144.55175594091415,
      "max": 147.3087363243103
    },
    "sslo_offload_h2": {
      "count": 224,
      "mean": 69.98226705299956,
      "p50": 81.64157092571259,
      "p90": 131.86756412982942,
      "p99": 144.96151294469834,
      "max": 147.3087363243103
    },
    "sslo_adaptive_all": {
      "count": 256,
      "mean": 117.68775281775743,
      "p50": 110.59953689575195,
      "p90": 240.13233590126038,
      "p99": 265.6893283843994,
      "max": 265.68970918655396
    },
    "sslo_adaptive_h2": {
      "count": 224,
      "mean": 134.40861957626683,
      "p50": 124.66918575763702,
      "p90": 240.13271100521087,
      "p99": 265.68936225891116,
      "max": 265.68970918655396
    },
    "sslo_adaptive_offload_all": {
      "count": 256,
      "mean": 115.72614276595414,
      "p50": 113.64108395576477,
      "p90": 225.10335290431976,
      "p99": 254.1146518349647,
      "max": 276.0117139816284
    },
    "sslo_adaptive_offload_h2": {
      "count": 224,
      "mean": 132.16862509931838,
      "p50": 125.65716195106506,
      "p90": 233.6064121723177,
      "p99": 256.1923310494424,
      "max": 276.0117139816284
    }
  },
  "tpot": {
    "baseline": {
      "count": 256,
      "mean": 0.04827110913469331,
      "p50": 0.04830924855406649,
      "p90": 0.04933838847573359
    },
    "sslo": {
      "count": 256,
      "mean": 0.14085707922929644,
      "p50": 0.14341220262331922,
      "p90": 0.17869106970443008
    },
    "sslo_offload": {
      "count": 256,
      "mean": 0.14116266522270177,
      "p50": 0.1441284566028718,
      "p90": 0.18002733080325234
    },
    "sslo_adaptive": {
      "count": 256,
      "mean": 0.15428941516137382,
      "p50": 0.1578820200011393,
      "p90": 0.186290820687827
    },
    "sslo_adaptive_offload": {
      "count": 256,
      "mean": 0.153490992274733,
      "p50": 0.1586762451614142,
      "p90": 0.18863203567017744
    }
  },
  "queue_stall": {
    "baseline": {
      "count": 256,
      "p50": 75.41756092803553,
      "p90": 150.73162070848048,
      "p99": 168.65588506042258,
      "max": 173.19417058094405
    },
    "available": true,
    "sslo": {
      "count": 256,
      "p50": 47.23716395406518,
      "p90": 127.65199646598194,
      "p99": 144.20976831476437,
      "max": 144.39837430696934
    },
    "sslo_offload": {
      "count": 256,
      "p50": 49.3818087260006,
      "p90": 128.9736335184425,
      "p99": 144.31784429021644,
      "max": 147.13581537106074
    },
    "sslo_adaptive": {
      "count": 256,
      "p50": 110.19440654607024,
      "p90": 239.53760902490467,
      "p99": 265.3260184289422,
      "max": 265.32602845784277
    },
    "sslo_adaptive_offload": {
      "count": 256,
      "p50": 113.31050194811542,
      "p90": 224.58841102116276,
      "p99": 253.8660281079122,
      "max": 275.8892760700546
    }
  },
  "slack": {
    "baseline": {
      "count": 5339,
      "neg_slack_ratio": 0.0174189923206593,
      "p5": 0.0,
      "p50": 30.56034588604234,
      "p95": 66.94739049263298
    },
    "sslo": {
      "count": 5261,
      "neg_slack_ratio": 0.032693404295761265,
      "p5": 0.0,
      "p50": 7.164114169077948,
      "p95": 25.63841127976775
    },
    "sslo_offload": {
      "count": 5227,
      "neg_slack_ratio": 0.02927109240482112,
      "p5": 0.0,
      "p50": 7.013868580106646,
      "p95": 24.66546694177668
    },
    "sslo_adaptive": {
      "count": 5194,
      "neg_slack_ratio": 0.12052368117058145,
      "p5": -6.97128524436848,
      "p50": 4.379079467034899,
      "p95": 18.567016820039104
    },
    "sslo_adaptive_offload": {
      "count": 5217,
      "neg_slack_ratio": 0.1318765574084723,
      "p5": -8.83150194720365,
      "p50": 4.325679214904085,
      "p95": 15.567407008353616
    }
  },
  "slo_compliance": {
    "baseline": {
      "rate": 0.66015625,
      "count": 169,
      "total_requests": 256
    },
    "sslo": {
      "rate": 0.55078125,
      "count": 141,
      "total_requests": 256
    },
    "sslo_offload": {
      "rate": 0.578125,
      "count": 148,
      "total_requests": 256
    },
    "sslo_adaptive": {
      "rate": 0.2265625,
      "count": 58,
      "total_requests": 256
    },
    "sslo_adaptive_offload": {
      "rate": 0.2578125,
      "count": 66,
      "total_requests": 256
    }
  },
  "neg_slack_magnitude": {
    "baseline": {
      "count": 93,
      "p50": 0.9433011710643768,
      "p90": 2.405076151434332,
      "p99": 4.760813389746455,
      "max": 13.829056646907702
    },
    "sslo": {
      "count": 172,
      "p50": 1.283338054898195,
      "p90": 7.312083817622626,
      "p99": 24.316232665954157,
      "max": 29.131699710153043
    },
    "sslo_offload": {
      "count": 153,
      "p50": 1.236768163042143,
      "p90": 7.9940699957776875,
      "p99": 21.91326755188398,
      "max": 74.49348324304447
    },
    "sslo_adaptive": {
      "count": 626,
      "p50": 4.845237510977313,
      "p90": 32.7765984730795,
      "p99": 112.56490942410892,
      "max": 147.2760834309738
    },
    "sslo_adaptive_offload": {
      "count": 688,
      "p50": 4.851252940949053,
      "p90": 27.984404789400287,
      "p99": 48.36022864223923,
      "max": 59.05207836208865
    }
  },
  "running": {
    "baseline": {
      "mean": null,
      "p50": null,
      "p99": null
    },
    "sslo": {
      "count": 3858,
      "mean": 31.039139450492485,
      "p50": 32.0,
      "p99": 32.0
    },