max_num_seqs,row_count,mean,p05,p50,p95,min,max,tensor_parallel_size,gpu_memory_utilization
16,31643,2.054866033858741,-0.6991669712006113,1.5117401119787246,6.502784411201716,-122.45356553199235,42.68233906000387,1,0.95
32,31869,1.9285039571609333,-0.8767977545736357,1.383171491092071,6.337094703805631,-135.5575860638637,55.243003329844214,1,0.95
64,32120,1.7564920293333846,-1.1822435805224814,1.2138355325441808,6.165599445829866,-31.746153695043176,92.70072389906272,1,0.95
128,31946,1.544866096825036,-1.6320919864228927,1.0768807379645295,6.051412331493339,-26.226344918948598,77.48470972804353,1,0.95
