max_num_seqs,row_count,mean,p05,p50,p95,min,max,tensor_parallel_size,gpu_memory_utilization
16,6594,12.415491753737614,-1.0955994181393178,8.561508362996392,36.37360014835719,-179.96404768689536,525.0367431109771,1,0.95
32,6487,11.47414088684977,-2.3632276028860355,8.314865772961639,35.85926273496588,-107.93541991291568,625.0557166159851,1,0.95
64,6584,10.534175646662913,-3.8543716880376446,7.166599814023357,34.45424935182654,-70.07019423600286,286.1487704170868,1,0.95
128,6843,9.458003870833835,-5.935203453071881,6.6388267850270495,33.48637799971036,-273.2069835871225,301.90855191403534,1,0.95
