max_num_seqs,row_count,mean,p05,p50,p95,min,max,tensor_parallel_size,gpu_memory_utilization
16,35306,351.0885825370347,29.969963052280946,289.8920435484615,906.523970928014,-1.1200674490537494,1417.8040591060417,1,0.95
32,34246,333.9491158693116,29.079638749040896,273.8600280950195,827.9437871267146,-0.9949120071250945,1380.3694214839488,1,0.95
64,33857,334.86400080996185,28.600387793779376,272.8340104330564,865.265242179413,-1.6258172651287168,1430.1402644310147,1,0.95
128,34302,340.3803172582178,29.89871258648346,280.2851475525531,872.537066114676,-31.07824007293675,1397.4290451599518,1,0.95
