max_num_seqs,row_count,mean,p05,p50,p95,min,max,tensor_parallel_size,gpu_memory_utilization
16,6591,9.625418936443781,-3.718391714966856,6.655191386002116,31.899874356982764,-108.50834821595345,501.9361255270196,1,0.95
32,6258,9.384245043445677,-4.700559029687429,6.504661328042857,30.823490812536328,-398.6264486759901,624.2206532639684,1,0.95
64,6363,8.26228538230301,-6.2683826230815605,5.90726622287184,29.950585120322643,-367.9780234339414,470.2219536959892,1,0.95
128,6373,7.298342332385397,-9.369422655180097,5.103385021910071,29.979153614118662,-181.7946872729808,407.9867767529795,1,0.95
