{
    "elapsed_time": 171.00572446000297,
    "num_requests": 1024,
    "total_num_tokens": 479725,
    "total_prompt_tokens": 248438,
    "total_output_tokens": 231287,
    "requests_per_second": 5.988103633568748,
    "tokens_per_second": 2805.31544493532,
    "output_tokens_per_second": 1352.510278415249,
    "slack_output_jsonl": "/workspace/mlsys/exp/outputs/Qwen__Qwen3.5-35B-A3B/slack_results.jsonl",
    "apply_chat_template": true,
    "num_timeline_requests": 1024,
    "num_timeline_chunks": 22285,
    "mean_prefill_time": 0.4255117492094769,
    "mean_decode_time": 26.351946305011978,
    "mean_chunks_per_request": 21.7626953125,
    "mean_chunk_duration": 1.09985319949405,
    "mean_chunk_tokens": 10.378595467803455,
    "mean_chunk_words": 5.926946376486426
}