{
  "slack_mode": "previous_chunk",
  "row_count": 6487,
  "excluded_first_decoding_chunks": 180,
  "human": {
    "count": 6487,
    "mean": 11.47414088684977,
    "p05": -2.3632276028860355,
    "p50": 8.314865772961639,
    "p95": 35.85926273496588,
    "min": -107.93541991291568,
    "max": 625.0557166159851
  },
  "max_num_seqs": 32,
  "tensor_parallel_size": 1,
  "gpu_memory_utilization": 0.95
}