{
  "max_num_seqs": 64,
  "control_case": false,
  "h2_ttft_p50_baseline": 18.637543082237244,
  "h2_ttft_p90_baseline": 27.42670109272003,
  "h2_ttft_cohort": "post_cap_arrivals",
  "h2_ttft_count_baseline": 192,
  "h3_slack_neg_ratio_baseline": 0.004277805737292401,
  "h4_tpot_p50_baseline": 0.017275462559936478,
  "queue_stall_p50_baseline": 11.831947842612863,
  "queue_stall_p90_baseline": 27.320734546985477,
  "ttft": {
    "baseline_all": {
      "count": 256,
      "mean": 13.926554002799094,
      "p50": 11.909330010414124,
      "p90": 27.42291760444641,
      "p99": 27.45571311712265
    },
    "baseline_h2": {
      "count": 192,
      "mean": 18.467067720989387,
      "p50": 18.637543082237244,
      "p90": 27.42670109272003,
      "p99": 27.455788252353667
    },
    "sslo_all": {
      "count": 256,
      "mean": 4.047666823491454,
      "p50": 3.370281457901001,
      "p90": 9.199465155601501,
      "p99": 10.912874364852904
    },
    "sslo_h2": {
      "count": 192,
      "mean": 5.2945689136783285,
      "p50": 4.706512928009033,
      "p90": 9.663684606552124,
      "p99": 10.981905353069306
    },
    "sslo_adaptive_all": {
      "count": 256,
      "mean": 3.66759638953954,
      "p50": 3.185136914253235,
      "p90": 6.863081932067871,
      "p99": 8.494650053977967
    },
    "sslo_adaptive_h2": {
      "count": 192,
      "mean": 4.787994224578142,
      "p50": 4.583304524421692,
      "p90": 7.532382249832153,
      "p99": 8.494842731952668
    }
  },
  "tpot": {
    "baseline": {
      "count": 256,
      "mean": 0.01744508465922775,
      "p50": 0.017275462559936478,
      "p90": 0.01806751205112034
    },
    "sslo": {
      "count": 256,
      "mean": 0.05655928782284265,
      "p50": 0.05799204250592592,
      "p90": 0.06715484351669702
    },
    "sslo_adaptive": {
      "count": 256,
      "mean": 0.05942502513279806,
      "p50": 0.060977247744569016,
      "p90": 0.06964633073963028
    }
  },
  "queue_stall": {
    "baseline": {
      "count": 256,
      "p50": 11.831947842612863,
      "p90": 27.320734546985477
    },
    "available": true,
    "sslo": {
      "count": 256,
      "p50": 3.3273958979407325,
      "p90": 9.101358541054651
    },
    "sslo_adaptive": {
      "count": 256,
      "p50": 3.139804490027018,
      "p90": 6.753381168004125
    }
  },
  "slack": {
    "baseline": {
      "count": 7948,
      "neg_slack_ratio": 0.004277805737292401,
      "p5": 2.203431529912632,
      "p50": 49.50459391018376,
      "p95": 100.94462307881331
    },
    "sslo": {
      "count": 7679,
      "neg_slack_ratio": 0.00442765985154317,
      "p5": 1.9901643619872629,
      "p50": 38.71508507989347,
      "p95": 80.1193009861745
    },
    "sslo_adaptive": {
      "count": 7656,
      "neg_slack_ratio": 0.004049111807732497,
      "p5": 1.921952580625657,
      "p50": 36.82571427791845,
      "p95": 77.83254949125694
    }
  },
  "run_complete": true,
  "missing_files": [],
  "run_status": {
    "baseline": 0,
    "sslo": 0,
    "sslo_adaptive": 0
  },
  "h1_sslo_pending_plus_running_exceeds_cap": true,
  "h1_sslo_note": null,
  "h1_sslo_max_combined": 253,
  "h1_sslo_iterations_above_cap": 1974,
  "h1_sslo_max_pending": 189,
  "h2_ttft_p50_sslo": 4.706512928009033,
  "h2_ttft_p50_pct_change_sslo": -74.74713857270899,
  "h2_ttft_p90_sslo": 9.663684606552124,
  "h2_ttft_cohort_sslo": "post_cap_arrivals",
  "h2_ttft_count_sslo": 192,
  "h2_ttft_p50_not_worse_sslo": true,
  "h3_slack_neg_ratio_sslo": 0.00442765985154317,
  "h3_slack_neg_ratio_not_worse_sslo": false,
  "h4_tpot_p50_sslo": 0.05799204250592592,
  "h4_tpot_p50_pct_change_sslo": 235.69024449982172,
  "queue_stall_p50_sslo": 3.3273958979407325,
  "queue_stall_p90_sslo": 9.101358541054651,
  "queue_stall_p50_pct_change_sslo": -71.8778687820353,
  "h1_sslo_adaptive_pending_plus_running_exceeds_cap": true,
  "h1_sslo_adaptive_note": null,
  "h1_sslo_adaptive_max_combined": 256,
  "h1_sslo_adaptive_iterations_above_cap": 2099,
  "h1_sslo_adaptive_max_pending": 208,
  "h2_ttft_p50_sslo_adaptive": 4.583304524421692,
  "h2_ttft_p50_pct_change_sslo_adaptive": -75.40821499809238,
  "h2_ttft_p90_sslo_adaptive": 7.532382249832153,
  "h2_ttft_cohort_sslo_adaptive": "post_cap_arrivals",
  "h2_ttft_count_sslo_adaptive": 192,
  "h2_ttft_p50_not_worse_sslo_adaptive": true,
  "h3_slack_neg_ratio_sslo_adaptive": 0.004049111807732497,
  "h3_slack_neg_ratio_not_worse_sslo_adaptive": true,
  "h4_tpot_p50_sslo_adaptive": 0.060977247744569016,
  "h4_tpot_p50_pct_change_sslo_adaptive": 252.97027522713827,
  "queue_stall_p50_sslo_adaptive": 3.139804490027018,
  "queue_stall_p90_sslo_adaptive": 6.753381168004125,
  "queue_stall_p50_pct_change_sslo_adaptive": -73.46333391769203
}
