{
  "max_num_seqs": 64,
  "control_case": false,
  "h2_ttft_p50_baseline": 18.63934338092804,
  "h2_ttft_p90_baseline": 27.428412556648254,
  "h2_ttft_cohort": "post_cap_arrivals",
  "h2_ttft_count_baseline": 192,
  "h3_slack_neg_ratio_baseline": 0.004403623553095118,
  "h4_tpot_p50_baseline": 0.01727662872980529,
  "queue_stall_p50_baseline": 11.833357244497165,
  "queue_stall_p90_baseline": 27.322183062089607,
  "ttft": {
    "baseline_all": {
      "count": 256,
      "mean": 13.927721746265888,
      "p50": 11.910617589950562,
      "p90": 27.424574732780457,
      "p99": 27.456804084777833
    },
    "baseline_h2": {
      "count": 192,
      "mean": 18.468393788983423,
      "p50": 18.63934338092804,
      "p90": 27.428412556648254,
      "p99": 27.456881246566773
    },
    "sslo_all": {
      "count": 256,
      "mean": 4.050209062173963,
      "p50": 3.37307870388031,
      "p90": 9.196803212165833,
      "p99": 10.909956848621368
    },
    "sslo_h2": {
      "count": 192,
      "mean": 5.296240568161011,
      "p50": 4.708794713020325,
      "p90": 9.66272213459015,
      "p99": 10.978840181827547
    },
    "sslo_adaptive_all": {
      "count": 256,
      "mean": 3.6648110980167985,
      "p50": 3.1818569898605347,
      "p90": 6.859857559204102,
      "p99": 8.49123568534851
    },
    "sslo_adaptive_h2": {
      "count": 192,
      "mean": 4.784774885823329,
      "p50": 4.579570770263672,
      "p90": 7.529101324081421,
      "p99": 8.491432247161866
    }
  },
  "tpot": {
    "baseline": {
      "count": 256,
      "mean": 0.017445983579728756,
      "p50": 0.01727662872980529,
      "p90": 0.01806711933872646
    },
    "sslo": {
      "count": 256,
      "mean": 0.056525955941817745,
      "p50": 0.05796286587761952,
      "p90": 0.0671131324518286
    },
    "sslo_adaptive": {
      "count": 256,
      "mean": 0.05942085620004389,
      "p50": 0.060971774805133064,
      "p90": 0.06962624950099322
    }
  },
  "queue_stall": {
    "baseline": {
      "count": 256,
      "p50": 11.833357244497165,
      "p90": 27.322183062089607
    },
    "available": true,
    "sslo": {
      "count": 256,
      "p50": 3.3221428400138393,
      "p90": 9.092410331126302
    },
    "sslo_adaptive": {
      "count": 256,
      "p50": 3.1390622180188075,
      "p90": 6.752438811119646
    }
  },
  "slack": {
    "baseline": {
      "count": 7948,
      "neg_slack_ratio": 0.004403623553095118,
      "p5": 2.204514820082113,
      "p50": 49.50398515397683,
      "p95": 100.94397024490172
    },
    "sslo": {
      "count": 7678,
      "neg_slack_ratio": 0.004428236519927064,
      "p5": 1.9922366528655402,
      "p50": 38.720121681224555,
      "p95": 80.11507551424438
    },
    "sslo_adaptive": {
      "count": 7656,
      "neg_slack_ratio": 0.004049111807732497,
      "p5": 1.9219785767490976,
      "p50": 36.83108769892715,
      "p95": 77.8330894933897
    }
  },
  "run_complete": true,
  "missing_files": [],
  "run_status": {
    "baseline": 0,
    "sslo": 0,
    "sslo_adaptive": 0
  },
  "h1_sslo_pending_plus_running_exceeds_cap": true,
  "h1_sslo_note": null,
  "h1_sslo_max_combined": 253,
  "h1_sslo_iterations_above_cap": 1973,
  "h1_sslo_max_pending": 189,
  "h2_ttft_p50_sslo": 4.708794713020325,
  "h2_ttft_p50_pct_change_sslo": -74.73733587719398,
  "h2_ttft_p90_sslo": 9.66272213459015,
  "h2_ttft_cohort_sslo": "post_cap_arrivals",
  "h2_ttft_count_sslo": 192,
  "h2_ttft_p50_not_worse_sslo": true,
  "h3_slack_neg_ratio_sslo": 0.004428236519927064,
  "h3_slack_neg_ratio_not_worse_sslo": false,
  "h4_tpot_p50_sslo": 0.05796286587761952,
  "h4_tpot_p50_pct_change_sslo": 235.49870628187523,
  "queue_stall_p50_sslo": 3.3221428400138393,
  "queue_stall_p90_sslo": 9.092410331126302,
  "queue_stall_p50_pct_change_sslo": -71.92561019351692,
  "h1_sslo_adaptive_pending_plus_running_exceeds_cap": true,
  "h1_sslo_adaptive_note": null,
  "h1_sslo_adaptive_max_combined": 256,
  "h1_sslo_adaptive_iterations_above_cap": 2099,
  "h1_sslo_adaptive_max_pending": 208,
  "h2_ttft_p50_sslo_adaptive": 4.579570770263672,
  "h2_ttft_p50_pct_change_sslo_adaptive": -75.43062179459855,
  "h2_ttft_p90_sslo_adaptive": 7.529101324081421,
  "h2_ttft_cohort_sslo_adaptive": "post_cap_arrivals",
  "h2_ttft_count_sslo_adaptive": 192,
  "h2_ttft_p50_not_worse_sslo_adaptive": true,
  "h3_slack_neg_ratio_sslo_adaptive": 0.004049111807732497,
  "h3_slack_neg_ratio_not_worse_sslo_adaptive": true,
  "h4_tpot_p50_sslo_adaptive": 0.060971774805133064,
  "h4_tpot_p50_pct_change_sslo_adaptive": 252.91477150253158,
  "queue_stall_p50_sslo_adaptive": 3.1390622180188075,
  "queue_stall_p90_sslo_adaptive": 6.752438811119646,
  "queue_stall_p50_pct_change_sslo_adaptive": -73.47276725310937
}
