{
  "slack_mode": "cumulative",
  "row_count": 31869,
  "excluded_first_decoding_chunks": 180,
  "human": {
    "count": 31869,
    "mean": 313.97267603660447,
    "p05": 26.587503629806456,
    "p50": 257.15898505900986,
    "p95": 821.1659636140334,
    "min": -3.4331966961035505,
    "max": 1367.4831506519113
  },
  "human_negative": {
    "count": 32,
    "fraction": 0.0010041105776773668
  },
  "max_num_seqs": 32,
  "tensor_parallel_size": 1,
  "gpu_memory_utilization": 0.95
}