{
  "max_num_seqs": 32,
  "control_case": false,
  "h2_ttft_p50_baseline": 29.13412845134735,
  "h2_ttft_p90_baseline": 50.43620648384094,
  "h2_ttft_cohort": "post_cap_arrivals",
  "h2_ttft_count_baseline": 224,
  "h3_slack_neg_ratio_baseline": 0.0035937707972847066,
  "h4_tpot_p50_baseline": 0.013891844264342798,
  "queue_stall_p50_baseline": 23.262391860596836,
  "queue_stall_p90_baseline": 50.34021283593029,
  "ttft": {
    "baseline_all": {
      "count": 256,
      "mean": 25.365781417116523,
      "p50": 23.313931822776794,
      "p90": 50.43535554409027,
      "p99": 50.46550168991089
    },
    "baseline_h2": {
      "count": 224,
      "mean": 28.967913061380386,
      "p50": 29.13412845134735,
      "p90": 50.43620648384094,
      "p99": 50.46553129196167
    },
    "sslo_all": {
      "count": 256,
      "mean": 15.533657575026155,
      "p50": 9.281615972518921,
      "p90": 41.04933762550354,
      "p99": 43.81310935020446
    },
    "sslo_h2": {
      "count": 224,
      "mean": 17.730930182550633,
      "p50": 12.50947654247284,
      "p90": 41.28463683128357,
      "p99": 43.84391257286072
    },
    "sslo_adaptive_all": {
      "count": 256,
      "mean": 9.363973890431225,
      "p50": 8.527856349945068,
      "p90": 20.584879875183105,
      "p99": 23.403294801712036
    },
    "sslo_adaptive_h2": {
      "count": 224,
      "mean": 10.679745859333448,
      "p50": 9.72768747806549,
      "p90": 21.435061025619515,
      "p99": 23.40332684516907
    }
  },
  "tpot": {
    "baseline": {
      "count": 256,
      "mean": 0.013889559898504171,
      "p50": 0.013891844264342798,
      "p90": 0.014481001846135072
    },
    "sslo": {
      "count": 256,
      "mean": 0.06242979292593824,
      "p50": 0.06977402582972396,
      "p90": 0.08638460720377134
    },
    "sslo_adaptive": {
      "count": 256,
      "mean": 0.08565421401205561,
      "p50": 0.08908728526521532,
      "p90": 0.10618556253707725
    }
  },
  "queue_stall": {
    "baseline": {
      "count": 256,
      "p50": 23.262391860596836,
      "p90": 50.34021283593029
    },
    "available": true,
    "sslo": {
      "count": 256,
      "p50": 9.24471137940418,
      "p90": 40.958878246485256
    },
    "sslo_adaptive": {
      "count": 256,
      "p50": 8.479576478130184,
      "p90": 20.493544757948257
    }
  },
  "slack": {
    "baseline": {
      "count": 7513,
      "neg_slack_ratio": 0.0035937707972847066,
      "p5": 1.9471600479446354,
      "p50": 50.425863216863945,
      "p95": 103.13617890463209
    },
    "sslo": {
      "count": 7625,
      "neg_slack_ratio": 0.003147540983606557,
      "p5": 1.7560734068043535,
      "p50": 38.72845996916294,
      "p95": 78.46904843049124
    },
    "sslo_adaptive": {
      "count": 7528,
      "neg_slack_ratio": 0.0038522848034006378,
      "p5": 1.952469944173936,
      "p50": 30.495709314593114,
      "p95": 63.483784506015944
    }
  },
  "run_complete": true,
  "missing_files": [],
  "run_status": {
    "baseline": 0,
    "sslo": 0,
    "sslo_adaptive": 0
  },
  "h1_sslo_pending_plus_running_exceeds_cap": true,
  "h1_sslo_note": null,
  "h1_sslo_max_combined": 187,
  "h1_sslo_iterations_above_cap": 4012,
  "h1_sslo_max_pending": 155,
  "h2_ttft_p50_sslo": 12.50947654247284,
  "h2_ttft_p50_pct_change_sslo": -57.06246520000388,
  "h2_ttft_p90_sslo": 41.28463683128357,
  "h2_ttft_cohort_sslo": "post_cap_arrivals",
  "h2_ttft_count_sslo": 224,
  "h2_ttft_p50_not_worse_sslo": true,
  "h3_slack_neg_ratio_sslo": 0.003147540983606557,
  "h3_slack_neg_ratio_not_worse_sslo": true,
  "h4_tpot_p50_sslo": 0.06977402582972396,
  "h4_tpot_p50_pct_change_sslo": 402.26611025879413,
  "queue_stall_p50_sslo": 9.24471137940418,
  "queue_stall_p90_sslo": 40.958878246485256,
  "queue_stall_p50_pct_change_sslo": -60.25898181578052,
  "h1_sslo_adaptive_pending_plus_running_exceeds_cap": true,
  "h1_sslo_adaptive_note": null,
  "h1_sslo_adaptive_max_combined": 242,
  "h1_sslo_adaptive_iterations_above_cap": 4141,
  "h1_sslo_adaptive_max_pending": 226,
  "h2_ttft_p50_sslo_adaptive": 9.72768747806549,
  "h2_ttft_p50_pct_change_sslo_adaptive": -66.61067965595649,
  "h2_ttft_p90_sslo_adaptive": 21.435061025619515,
  "h2_ttft_cohort_sslo_adaptive": "post_cap_arrivals",
  "h2_ttft_count_sslo_adaptive": 224,
  "h2_ttft_p50_not_worse_sslo_adaptive": true,
  "h3_slack_neg_ratio_sslo_adaptive": 0.0038522848034006378,
  "h3_slack_neg_ratio_not_worse_sslo_adaptive": false,
  "h4_tpot_p50_sslo_adaptive": 0.08908728526521532,
  "h4_tpot_p50_pct_change_sslo_adaptive": 541.2919952887904,
  "queue_stall_p50_sslo_adaptive": 8.479576478130184,
  "queue_stall_p90_sslo_adaptive": 20.493544757948257,
  "queue_stall_p50_pct_change_sslo_adaptive": -63.548131555236274
}
