Model,Label,mode,chunk_unit,req/s,max_num_seqs,generation_max_tokens,max_model_len,run_idx,num_requests,sslo_enabled,sslo_offloading,sslo_adaptive_batching,sslo_enable_v2,sslo_pending_policy,sslo_pending_capacity_control,sslo_pending_threshold_dynamic,sslo_pending_dynamic_band,sslo_pending_in_threshold,sslo_pending_out_threshold,sslo_critical_threshold,sslo_num_warmup_chunks,sslo_seconds_per_word,sslo_chunk_unit,ttft_s_mean,ttft_s_p50,ttft_s_p99,ttfc_s_mean,ttfc_s_p50,ttfc_s_p99,tpot_ms_mean,tpot_ms_p50,tpot_ms_p99,queue_stall_ms_mean,queue_stall_ms_p50,queue_stall_ms_p99,slack_s_mean,slack_s_p50,slack_s_p99,violated_magnitude_s_mean,violated_magnitude_s_p50,violated_magnitude_s_p99,running_mean,running_p50,running_p99,combined_mean,combined_p50,combined_p99,combined_min,combined_max,pending_time_s_mean,pending_time_s_p50,pending_time_s_p99,inter_chunk_delay_ms_mean,inter_chunk_delay_ms_p50,inter_chunk_delay_ms_p99,slack_neg_ratio,slo_compliance_rate,slo_compliance_count,slo_total_requests,slo_request_violation_rate
Qwen/Qwen3.5-35B-A3B,default,baseline,paragraph,0.0,128,4096,0,1,256,False,,,,,,,,,,,,,,41.87144542951137,3.3637516498565674,152.8618369579315,43.954385685472516,6.985340381274,153.8552302461816,57.06490246858325,57.96160638903779,61.00526907850013,41603.26271040685,3115.6689706258476,152637.36915492918,161.6521477063829,132.92902831546962,549.6942261958964,1.7496623150072992,0.9507747082971036,3.732667409684509,,,,,,,,,0.0,0.0,0.0,1701.952034634211,1444.9263820424676,5436.495263129499,0.00017486593611564468,0.98828125,253.0,256.0,0.01171875
Qwen/Qwen3.5-35B-A3B,default,baseline,paragraph,0.0,128,4096,0,2,256,False,,,,,,,,,,,,,,41.841487106867135,3.3396936655044556,152.80954065322877,43.91836365200652,6.960999974515289,153.80251806513405,57.05290637596118,57.93155430006195,60.99959216388908,41574.55469939305,3091.63166442886,152584.80055257678,161.66033666886682,132.95095983846113,549.6612749809867,1.748434798947225,0.9503888878971338,3.7291316992696375,,,,,,,,,0.0,0.0,0.0,1701.9565249435761,1444.631444523111,5436.021832143917,0.00017486593611564468,0.98828125,253.0,256.0,0.01171875
Qwen/Qwen3.5-35B-A3B,default,baseline,paragraph,0.0,128,4096,0,3,256,False,,,,,,,,,,,,,,41.86867137718946,3.361656904220581,152.8527181625366,43.949626838455515,6.982160366838798,153.8464987190673,57.06990856217108,57.962627409043485,61.00615074711893,41599.396863401125,3112.3319515027106,152627.87452407647,161.64264878035644,132.92147727962583,549.6134345927977,1.750038265561064,0.9503806591965258,3.7330184277426453,,,,,,,,,0.0,0.0,0.0,1702.3130669307936,1444.942795438692,5436.702831834579,0.00017486593611564468,0.98828125,253.0,256.0,0.01171875
Qwen/Qwen3.5-35B-A3B,default,sslo,paragraph,0.0,128,4096,0,1,256,True,,,,,,,,,,,,0.28,sentence,41.84843829460442,3.346257209777832,152.82354986667633,43.92631349340081,6.965959773631766,153.81582295277622,57.056274886041756,57.93798623565532,61.00536530565625,41582.55196295431,3100.202664034441,152600.65348884088,161.65567031110498,132.9420562845189,549.656305956445,1.7477027052082121,0.9491493683308363,3.7264347682800145,79.93901708121066,95.5,128.0,79.93901708121066,95.5,128.0,0.0,128.0,0.0,0.0,0.0,1702.0270397812153,1444.851574022323,5436.071321275113,0.00017486593611564468,0.98828125,253.0,256.0,0.01171875
Qwen/Qwen3.5-35B-A3B,default,sslo,paragraph,0.0,128,4096,0,2,256,True,,,,,,,,,,,,0.28,sentence,41.86220194771886,3.3505150079727173,152.85733387470245,43.939487945222936,6.970384775893763,153.84838386278133,57.06968588776955,57.961185475436594,61.011897281051596,41594.15837915731,3102.0115937571973,152632.77879680973,161.70329993125043,132.9586818376556,549.6049825632616,1.7509480284837384,0.9517158791422844,3.7325675164349374,79.93901708121066,95.5,128.0,79.93901708121066,95.5,128.0,0.0,128.0,0.0,0.0,0.0,1701.726845986234,1444.9357504490763,5412.907964070328,0.00017480480130520917,0.98828125,253.0,256.0,0.01171875
Qwen/Qwen3.5-35B-A3B,default,sslo,paragraph,0.0,128,4096,0,3,256,True,,,,,,,,,,,,0.28,sentence,41.85239205695689,3.3486828804016113,152.83733254671097,43.929328954482116,6.967660412890837,153.82807986936533,57.062756738144394,57.94205575383165,61.012363918309184,41584.71823718173,3100.784204667434,152612.65516092535,161.70940355439544,132.9750529206358,549.6029757804096,1.745927418737362,0.9499239744618535,3.7223643795214594,79.93901708121066,95.5,128.0,79.93901708121066,95.5,128.0,0.0,128.0,0.0,0.0,0.0,1701.6635995630159,1445.1518484856933,5412.926517557351,0.00017480480130520917,0.98828125,253.0,256.0,0.01171875
Qwen/Qwen3.5-35B-A3B,default,sslo_adaptive,paragraph,0.0,128,4096,0,1,256,True,,True,,,,,,,,,,0.28,sentence,41.86333015654236,3.3581076860427856,152.84472283124924,43.94176896003955,6.975626143626869,153.83607840423937,57.06251664118605,57.95397374729894,61.00453267638564,41594.88560884893,3109.4542876817286,152620.34116731957,161.65230119366768,132.94087366806343,549.6571114888883,1.7490410857523482,0.9482021150179207,3.7319186036754397,79.93901708121066,95.5,128.0,79.93901708121066,95.5,128.0,0.0,128.0,0.0,0.0,0.0,1702.067481774429,1444.4457648787647,5434.615016612252,0.00017486593611564468,0.98828125,253.0,256.0,0.01171875
Qwen/Qwen3.5-35B-A3B,default,sslo_adaptive,paragraph,0.0,128,4096,0,2,256,True,,True,,,,,,,,,,0.28,sentence,41.84452125336975,3.3434855937957764,152.8119464635849,43.9186660735686,6.960324384504929,153.80238535916433,57.05390921541814,57.933945781953284,61.001671791883545,41576.22611712759,3095.4748194199055,152587.41987552494,161.65695673025232,132.9432640869636,549.6479932478865,1.7464941572397947,0.948047268204391,3.7255053087323904,79.93901708121066,95.5,128.0,79.93901708121066,95.5,128.0,0.0,128.0,0.0,0.0,0.0,1702.031711542059,1444.878461305052,5436.921865795766,0.00017486593611564468,0.98828125,253.0,256.0,0.01171875
Qwen/Qwen3.5-35B-A3B,default,sslo_adaptive,paragraph,0.0,128,4096,0,3,256,True,,True,,,,,,,,,,0.28,sentence,41.855752825737,3.3463913202285767,152.84150804281234,43.931495495749914,6.96431546844542,153.83153505944645,57.06449076237632,57.947443280285725,61.00927376986293,41587.95914468283,3098.1056566815823,152616.41174443066,161.64455226000263,132.9271860786248,549.6288805491993,1.7487045225376885,0.9484191332012415,3.7297685453761367,79.93901708121066,95.5,128.0,79.93901708121066,95.5,128.0,0.0,128.0,0.0,0.0,0.0,1702.2528332091588,1444.9046882800758,5436.01211721546,0.00017486593611564468,0.98828125,253.0,256.0,0.01171875
Qwen/Qwen3.5-35B-A3B,default,baseline,paragraph,16.0,128,4096,0,1,256,False,,,,,,,,,,,,,,34.48765401635319,0.33854544162750244,141.47435154914854,36.51554024795041,5.661170397885144,143.5151207704097,57.88625950684306,58.977624439277704,67.55616585947257,34292.27077273754,89.90051690489054,141193.08153847232,169.19114628036382,137.2466376987286,586.184196965862,2.6178989387117326,0.7985369092784822,17.973678446840502,,,,,,,,,0.0,0.0,0.0,1695.628377932026,1449.9204428866506,4970.718221645797,0.0006462605017331531,0.95703125,245.0,256.0,0.04296875
Qwen/Qwen3.5-35B-A3B,default,baseline,paragraph,16.0,128,4096,0,2,256,False,,,,,,,,,,,,,,37.301676764152944,1.706689476966858,144.7574364542961,39.34311772540423,5.742532144766301,146.75806906782088,57.69181773682904,59.2396552776099,64.712616988634,37104.53274545762,1421.2644095532596,144518.71025909204,159.87511058722978,130.23218905273825,521.8432741604566,1.8313129347146433,1.227765517309308,11.022539990618766,,,,,,,,,0.0,0.0,0.0,1688.0159562776735,1461.4360718987882,4988.823146540678,0.004919835619609886,0.93359375,239.0,256.0,0.06640625
Qwen/Qwen3.5-35B-A3B,default,baseline,paragraph,16.0,128,4096,0,3,256,False,,,,,,,,,,,,,,39.35131057538092,0.3470487594604492,145.15855330228803,41.318067517297095,5.139057266525924,146.81013500380791,57.34173394808043,58.311010005853134,66.779352422504,39155.3122082405,0.3429816570132971,144916.67030488604,171.66678750223153,141.62821594346315,566.9994100540413,8.632677327899728,1.073375043226406,25.084114025360904,,,,,,,,,0.0,0.0,0.0,1659.4968054837384,1433.6533355526626,5009.308736231179,0.0004526422994228811,0.96875,248.0,256.0,0.03125
Qwen/Qwen3.5-35B-A3B,default,sslo,paragraph,16.0,128,4096,0,1,256,True,,,,,,,,,,,,0.28,sentence,39.999629724770784,0.3440520763397217,148.01731259822844,42.18187551133737,5.240921435877681,152.09065123284236,57.15096169574511,58.5537637523058,63.93015468254486,39806.55307400593,104.7736112959683,147781.7041480681,168.00342485464856,137.9901907676831,555.0063393038371,1.0666391713958647,0.9613542701117694,2.2031699441559613,75.84750648601903,86.0,128.0,75.84750648601903,86.0,128.0,0.0,128.0,0.0,0.0,0.0,1689.6856685266757,1443.602728890255,5155.607008310032,0.0005299105040037683,0.9647058823529412,246.0,255.0,0.03529411764705881
Qwen/Qwen3.5-35B-A3B,default,sslo,paragraph,16.0,128,4096,0,2,256,True,,,,,,,,,,,,0.28,sentence,36.817614659667015,0.35628366470336914,142.6268990635872,38.655561866218704,4.957434138981625,144.02875423023943,57.03811377350159,57.82771980261222,66.96104250772899,36618.29662222226,41.17896407842636,142416.3360604318,166.28368053228036,136.63372435886413,567.463394720424,4.061167738666492,0.5527130109257996,26.380003851847718,76.13780918727915,92.0,128.0,76.13780918727915,92.0,128.0,0.0,128.0,0.0,0.0,0.0,1666.034212427199,1421.309522818774,5157.2993552871085,0.000830121553513193,0.9453125,242.0,256.0,0.0546875
Qwen/Qwen3.5-35B-A3B,default,sslo,paragraph,16.0,128,4096,0,3,256,True,,,,,,,,,,,,0.28,sentence,37.3614468537271,0.3460947275161743,144.75985429286956,39.40849405881818,6.028420090442523,147.07974354221952,57.44933324694017,58.60186621105222,69.29651563588575,37167.53499233528,0.28268503956496716,144529.32859016582,173.55238010788426,143.20668130973354,568.5914325751183,3.195683992534344,1.234291420551017,23.152237578118203,78.98581456566248,98.0,128.0,78.98581456566248,98.0,128.0,0.0,128.0,0.0,0.0,0.0,1652.0527171680812,1428.8986320607364,4979.855602234602,0.0007843576670961958,0.953125,244.0,256.0,0.046875
Qwen/Qwen3.5-35B-A3B,default,sslo_adaptive,paragraph,16.0,128,4096,0,1,256,True,,True,,,,,,,,,,0.28,sentence,38.55762620642781,0.3382018804550171,158.65479934215543,40.440490636177856,4.840586642501876,160.25832799295893,57.63751032194571,58.6849214927921,68.26060557115366,38364.693636573065,0.49112061969935894,158430.03171740563,173.59452234552282,139.77665600460023,572.4028534910644,6.148520360912451,0.9580057456623763,64.19760599469762,78.2635144671842,98.0,128.0,78.2635144671842,98.0,128.0,0.0,128.0,0.0,0.0,0.0,1690.5940013828488,1443.115346133709,5219.24292407931,0.001218094236199546,0.9140625,234.0,256.0,0.0859375
Qwen/Qwen3.5-35B-A3B,default,sslo_adaptive,paragraph,16.0,128,4096,0,2,256,True,,True,,,,,,,,,,0.28,sentence,36.33087095245719,0.3130221366882324,143.40434193611145,38.48587561240968,4.935821442864835,145.33625159567222,57.5322294272757,58.453005412185355,74.32972511897486,36132.652124066226,0.025514978915452957,143168.29419839196,167.20008702916846,138.91967270476744,535.5235592041724,1.9890617786440998,0.8483595191501081,12.738525107754386,78.348754972742,92.0,128.0,78.348754972742,92.0,128.0,0.0,128.0,0.0,0.0,0.0,1646.4003248017777,1426.3072679750621,4977.962000146534,0.0008002286367533581,0.9450980392156862,241.0,255.0,0.05490196078431375
Qwen/Qwen3.5-35B-A3B,default,sslo_adaptive,paragraph,16.0,128,4096,0,3,256,True,,True,,,,,,,,,,0.28,sentence,37.13229313399643,0.3509347438812256,151.36085947751997,39.22648666149689,6.302615776192397,154.72435908592306,56.849925432749835,58.455844678039355,68.83347819496957,36931.22115381993,0.3819584380835295,151098.24382395015,169.8198634907729,140.114783720579,571.0055463892878,1.1741281133145094,0.8205800517462194,3.622155830464325,76.77298150007171,87.0,128.0,76.77398537214972,87.0,128.0,0.0,128.0,0.0,0.0,0.0,1622.55568863664,1394.2874358035624,5017.614328255878,0.0007895775759968417,0.96484375,247.0,256.0,0.03515625
Qwen/Qwen3.5-35B-A3B,default,baseline,paragraph,32.0,128,4096,0,1,256,False,,,,,,,,,,,,,,35.03572644852102,0.34958362579345703,136.84671454429625,37.19043721365233,5.145327103557065,138.56733206778298,57.41484546635776,58.92990156210878,64.81342269186362,34833.35517112755,114.78407098911703,136613.41026064474,169.55706653691706,138.93405425082892,573.855946071074,1.0339502888265997,0.8829833148047328,5.080801612590429,,,,,,,,,0.0,0.0,0.0,1651.7348322150522,1428.739117924124,5229.395819921048,0.0029974222168934715,0.9609375,246.0,256.0,0.0390625
Qwen/Qwen3.5-35B-A3B,default,baseline,paragraph,32.0,128,4096,0,2,256,False,,,,,,,,,,,,,,44.18319681473076,2.0943537950515747,164.75994077920913,46.19462653428491,6.283765273168683,166.28875513968524,56.87857602174333,58.34954137255075,62.07909536628557,43971.34383091725,1859.4836466945708,164484.69849810933,168.96395654618374,137.78690679278225,551.5613695960492,4.859415201470256,1.5696919325273484,40.30755476123185,,,,,,,,,0.0,0.0,0.0,1683.6833105378662,1443.3125229552388,5175.043656025082,0.0007864726700747149,0.9453125,242.0,256.0,0.0546875
Qwen/Qwen3.5-35B-A3B,default,baseline,paragraph,32.0,128,4096,0,3,256,False,,,,,,,,,,,,,,36.96774828247726,0.9495558738708496,132.46223608255386,39.02862279384499,7.194927917094901,133.6437457915861,57.05398223079209,58.48483309523473,62.18199463267833,36759.50373780324,629.8865894787014,132211.83402773456,157.5887634815747,129.88987197214738,506.3586158985365,4.819957413414324,0.7084462926723063,26.02402731799521,,,,,,,,,0.0,0.0,0.0,1665.575536300799,1438.8394141569734,4944.899341957643,0.0006778825414432736,0.95703125,245.0,256.0,0.04296875
Qwen/Qwen3.5-35B-A3B,default,sslo,paragraph,32.0,128,4096,0,1,256,True,,,,,,,,,,,,0.28,sentence,39.278411214239895,0.3345773220062256,154.28451198339462,41.59336146577698,7.038032018579543,156.09184802935926,57.47475382499247,58.73476813053117,63.01271347358914,39074.08645592113,76.04788336902857,154001.33308118675,169.95903717734905,137.982522015227,562.4993794751729,6.3409747132100165,1.5073087690398097,33.690484441970476,80.24599250936329,97.0,128.0,80.24599250936329,97.0,128.0,0.0,128.0,0.0,0.0,0.0,1681.802512675863,1450.6873877253383,5085.887445975097,0.0005728032993470042,0.9609375,246.0,256.0,0.0390625
Qwen/Qwen3.5-35B-A3B,default,sslo,paragraph,32.0,128,4096,0,2,256,True,,,,,,,,,,,,0.28,sentence,39.52677238918841,0.33501768112182617,140.9233609676361,41.55069324307988,5.281892898259684,143.29178080591373,56.352379413275,57.18770619975623,62.28227940279358,39310.2755586915,88.48176733590662,140696.93364587147,163.42021596838603,135.86195112927817,514.0400621319005,6.893568520853296,1.5112274924758822,36.88957320157439,76.12082338902148,86.0,128.0,76.12082338902148,86.0,128.0,0.0,128.0,0.0,0.0,0.0,1630.9306236441093,1401.8411652650684,5067.858494548141,0.0006028454304316373,0.9609375,246.0,256.0,0.0390625
Qwen/Qwen3.5-35B-A3B,default,sslo,paragraph,32.0,128,4096,0,3,256,True,,,,,,,,,,,,0.28,sentence,40.22545793186873,0.3971182107925415,149.124087870121,42.01586022907868,6.578862561844289,151.17790871349163,57.52456105316265,58.50696598444968,63.67173141068025,40014.730236718606,65.22738933563232,148855.48708972055,172.242105787994,141.15387759008445,573.9723821850266,1.7139005696401,0.7652202548924834,6.492052369955927,79.45205886725138,90.0,128.0,79.45205886725138,90.0,128.0,0.0,128.0,0.0,0.0,0.0,1642.1866659033012,1414.5642255898565,5016.86372281984,0.0005638249887235002,0.9607843137254902,245.0,255.0,0.039215686274509776
Qwen/Qwen3.5-35B-A3B,default,sslo_adaptive,paragraph,32.0,128,4096,0,1,256,True,,True,,,,,,,,,,0.28,sentence,37.35489741805941,0.3559725284576416,144.78322632312774,39.451126355312226,5.780844606924802,146.94767595599404,57.15008911822899,58.50169501178246,61.68239263966494,37154.40729584225,107.86747047677636,144533.64178943448,167.48352234575725,134.73904738156125,566.0814693496004,2.2357229269691743,1.7487205918878317,6.886234804163686,76.65519798309357,82.0,128.0,76.65519798309357,82.0,128.0,0.0,128.0,0.0,0.0,0.0,1680.573144370649,1442.927774041891,5003.84971531108,0.00047855476461087517,0.96875,248.0,256.0,0.03125
Qwen/Qwen3.5-35B-A3B,default,sslo_adaptive,paragraph,32.0,128,4096,0,2,256,True,,True,,,,,,,,,,0.28,sentence,46.68265789654106,0.3417912721633911,160.02807747125624,48.771882411801926,4.884590486064553,161.5461774139898,55.72296770750417,56.34419016273616,75.81901556283242,46452.349930330456,83.41348706744611,159813.80801671185,169.72198557543513,137.24593444122002,543.8828908319354,1.5635958544147963,1.144816662184894,10.771997944414622,74.04852320675106,84.0,128.0,74.18382559774965,84.0,128.0,0.0,128.0,0.0,0.0,0.0,1571.568499429991,1355.5499385111034,4905.0877511827275,0.0031569280220410975,0.95703125,245.0,256.0,0.04296875
Qwen/Qwen3.5-35B-A3B,default,sslo_adaptive,paragraph,32.0,128,4096,0,3,256,True,,True,,,,,,,,,,0.28,sentence,49.64658827893436,0.9483727216720581,204.2863198399544,51.643540621607826,7.195450141793117,207.1484669979196,54.21553130131536,56.68279976985384,61.09617812955259,49425.55714372975,630.0543248653412,203988.43919476494,175.8564479012133,142.68051855755039,579.1129398323358,10.948701776688297,0.7351479902863503,87.14777312679212,67.00767971799068,66.0,128.0,67.06106005287674,66.0,128.0,0.0,128.0,0.0,0.0,0.0,1567.8912173340216,1328.4510150551796,5079.854892566797,0.0008662508662508662,0.94140625,241.0,256.0,0.05859375
Qwen/Qwen3.5-35B-A3B,default,baseline,paragraph,4.0,128,4096,0,1,256,False,,,,,,,,,,,,,,24.367716239765286,0.2408914566040039,102.00411695241927,26.127608577979117,2.89240363240242,103.5202336523216,55.681735323250564,57.67402237351656,61.66498361140809,24183.213476633682,0.014499993994832039,101753.3029909711,163.51096322227585,133.7408543843776,533.0812288400484,11.570793396234512,2.195260660490021,86.66369172684384,,,,,,,,,0.0,0.0,0.0,1670.5581901413193,1429.2471308726817,5184.557362925261,0.0006125199068969741,0.96484375,247.0,256.0,0.03515625
Qwen/Qwen3.5-35B-A3B,default,baseline,paragraph,4.0,128,4096,0,2,256,False,,,,,,,,,,,,,,25.728876867331564,0.23102128505706787,111.14488172531128,27.555299754460066,3.183754696743563,113.26720189112238,56.491107123180804,58.21786970273338,61.195042001237184,25548.93044594246,0.015724916011095047,110904.88607860169,168.7648596408865,138.4167930094991,555.9144321260558,3.431380197250595,1.476555344182998,21.893099333699762,,,,,,,,,0.0,0.0,0.0,1667.6357552757972,1431.058197747916,5105.054020574319,0.0010119181470654374,0.9453125,242.0,256.0,0.0546875
Qwen/Qwen3.5-35B-A3B,default,baseline,paragraph,4.0,128,4096,0,3,256,False,,,,,,,,,,,,,,24.35120584908873,0.21133065223693848,105.01558777093886,26.054766538614786,2.9742622673511505,107.04543476670514,56.25749571343286,58.362008049479556,61.83081912625791,24173.65099368908,0.015849946066737175,104795.0232133502,163.33729608047994,137.03409252967685,548.6340271158147,15.794354081293568,2.615867771441117,95.37568183300087,,,,,,,,,0.0,0.0,0.0,1693.7657715181608,1432.144814170897,5278.230199180621,0.0005942123715015746,0.9609375,246.0,256.0,0.0390625
Qwen/Qwen3.5-35B-A3B,default,sslo,paragraph,4.0,128,4096,0,1,256,True,,,,,,,,,,,,0.28,sentence,49.008890852332115,0.23948228359222412,190.4744477033615,50.69739001276503,3.1048497390002012,192.3275836085435,50.315715433786465,52.07022468827321,59.84588797561264,48821.36422722033,0.01157890073955059,190285.52896492183,182.98587930346943,150.82428188156337,572.0184397571468,10.923551915109986,0.7274071327410638,45.95221175204963,59.33032172763332,49.0,128.0,59.33032172763332,49.0,128.0,0.0,128.0,0.0,0.0,0.0,1491.7473622914927,1258.1530574243516,4797.790743424545,0.0005217996289424861,0.96875,248.0,256.0,0.03125
Qwen/Qwen3.5-35B-A3B,default,sslo,paragraph,4.0,128,4096,0,2,256,True,,,,,,,,,,,,0.28,sentence,31.43211731966585,0.2307271957397461,123.73182398080824,33.27420982421723,3.2384857148863375,125.47008813478053,55.85041982109845,57.77355316333855,62.10159288016344,31244.126626861544,0.0147202517837286,123499.23755987547,171.86280422057837,141.16831034747884,558.382392206044,5.508709458168596,0.6609784606844187,41.06521842670628,73.29145796669826,79.0,128.0,73.29145796669826,79.0,128.0,0.0,128.0,0.0,0.0,0.0,1656.909320197322,1426.3600455597043,5102.640712750144,0.0006254975548731946,0.9607843137254902,245.0,255.0,0.039215686274509776
Qwen/Qwen3.5-35B-A3B,default,sslo,paragraph,4.0,128,4096,0,3,256,True,,,,,,,,,,,,0.28,sentence,28.360788088291883,0.22449612617492676,115.30572117567063,30.1789195220299,3.679754832526669,118.15876734913326,56.145843300664005,58.00359914072486,61.76391354316286,28180.657119399257,0.012794742360711098,115046.40921577811,170.49287593273547,141.85183189320378,549.876778012975,1.6758799478411674,0.8024518028832972,5.377174589578062,74.37145185386392,85.0,128.0,74.37145185386392,85.0,128.0,0.0,128.0,0.0,0.0,0.0,1660.2315177863572,1434.5645813737065,5074.170945161022,0.00027839643652561246,0.98046875,251.0,256.0,0.01953125
Qwen/Qwen3.5-35B-A3B,default,sslo_adaptive,paragraph,4.0,128,4096,0,1,256,True,,True,,,,,,,,,,0.28,sentence,25.738639814779162,0.22767949104309082,109.59200398921962,27.653710046775814,2.8179382919333875,111.29405428944152,55.73046874647695,57.43382533344013,61.0200340856808,25555.061735387426,0.010249903425574303,109345.13057852161,174.34396691912033,145.58503679558635,543.1935441794848,6.405497854808345,1.3295928770676255,24.907380521809685,74.41267876787678,77.0,128.0,74.41267876787678,77.0,128.0,0.0,128.0,0.0,0.0,0.0,1665.6691538533105,1416.1921555642039,5210.987065611391,0.000343878954607978,0.9765625,250.0,256.0,0.0234375
Qwen/Qwen3.5-35B-A3B,default,sslo_adaptive,paragraph,4.0,128,4096,0,2,256,True,,True,,,,,,,,,,0.28,sentence,25.761367511935532,0.23641836643218994,109.75234919786453,27.636120148643386,3.7653104732744396,112.13811211623249,56.43803140527496,58.28576551766271,61.76703221035362,25577.722894740873,0.011705094948410988,109540.08378274739,167.50033539734335,139.32010438735597,551.383227097453,13.03375739324838,2.3911059675738215,103.9843841373688,70.92224206621789,74.0,128.0,70.9464212117049,74.0,128.0,0.0,128.0,0.0,0.0,0.0,1668.1994226091497,1415.954044321552,4925.288424664182,0.0007170172084130019,0.953125,244.0,256.0,0.046875
Qwen/Qwen3.5-35B-A3B,default,sslo_adaptive,paragraph,4.0,128,4096,0,3,256,True,,True,,,,,,,,,,0.28,sentence,23.225512678734958,0.20981252193450928,98.55510224103922,24.912464203818672,2.771358500001952,100.47176130455915,55.6787848550619,57.24930905656379,60.77549527642213,23045.307475060326,0.015400117263197899,98335.72864234442,171.9849724638505,140.41296509467065,556.6328642113693,0.7426424659788609,0.40432062884792686,2.700749602308497,75.11370911621434,84.0,128.0,75.11370911621434,84.0,128.0,0.0,128.0,0.0,0.0,0.0,1631.4249313497812,1404.708988033235,4975.700808279219,0.0006168339595132619,0.95703125,245.0,256.0,0.04296875
Qwen/Qwen3.5-35B-A3B,default,baseline,paragraph,0.0,16,4096,0,1,256,False,,,,,,,,,,,,,,349.85632698144764,353.18742513656616,714.1074506282806,350.56216729608786,353.60169368842617,714.7564577636309,22.38616993421972,22.525771617645425,23.244726616722172,349701.5621178707,353044.9059724342,713975.2460184973,222.5445174073882,187.54356652172282,667.2425162484325,0.14935366855934262,0.14935366855934262,0.14935366855934262,,,,,,,,,0.0,0.0,0.0,680.4090836428044,578.2141210511327,2140.8788410574207,5.821738371077604e-05,0.99609375,255.0,256.0,0.00390625
Qwen/Qwen3.5-35B-A3B,default,baseline,paragraph,0.0,16,4096,0,2,256,False,,,,,,,,,,,,,,349.8825854053721,353.2135297060013,714.1494271874428,350.5895055875353,353.62915068957955,714.7992278960534,22.387752578311805,22.528529531256744,23.247686971171735,349729.0127803717,353072.40875577554,714018.2176487288,222.5422835360876,187.54404346458614,667.2332072068579,0.15008551767095923,0.15008551767095923,0.15008551767095923,,,,,,,,,0.0,0.0,0.0,680.4512869307512,578.0920507386327,2140.763654578478,5.821738371077604e-05,0.99609375,255.0,256.0,0.00390625
Qwen/Qwen3.5-35B-A3B,default,baseline,paragraph,0.0,16,4096,0,3,256,False,,,,,,,,,,,,,,349.81697745155543,353.14135205745697,714.0229935526847,350.521079507138,353.55417843023315,714.6698468673276,22.383119894790944,22.5244797908303,23.239981121935816,349660.6973105172,352997.26733518764,713888.8250497635,222.54872461594542,187.5497015248984,667.2496879598326,0.14902527211233974,0.14902527211233974,0.14902527211233974,,,,,,,,,0.0,0.0,0.0,680.3265919591373,578.0579629354179,2140.0328515097526,5.821738371077604e-05,0.99609375,255.0,256.0,0.00390625
Qwen/Qwen3.5-35B-A3B,default,sslo,paragraph,0.0,16,4096,0,1,256,True,,,,,,,,,,,,0.28,sentence,349.89483886864036,353.2251373529434,714.1717271089553,350.59920132714615,353.6382000853773,714.8182693904266,22.388184356247088,22.526708157873234,23.244313918569613,349739.18873269757,353081.9285577163,714037.7793639898,222.54114826327753,187.54090769216418,667.2258623624234,0.14950777450576425,0.14950777450576425,0.14950777450576425,14.908885036904495,16.0,16.0,14.908885036904495,16.0,16.0,0.0,16.0,0.0,0.0,0.0,680.4757299669258,578.2480919733644,2140.6955932080755,5.821738371077604e-05,0.99609375,255.0,256.0,0.00390625
Qwen/Qwen3.5-35B-A3B,default,sslo,paragraph,0.0,16,4096,0,2,256,True,,,,,,,,,,,,0.28,sentence,349.86363371275365,353.1897085905075,714.1134209632874,350.5674027492041,353.6024873869028,714.7598682610085,22.385924785163333,22.52755915883502,23.245707266345562,349707.53555078956,353046.00826790556,713979.2570455698,222.54429634113262,187.5442675719969,667.2403665143638,0.14999907603487372,0.14999907603487372,0.14999907603487372,14.908885036904495,16.0,16.0,14.908885036904495,16.0,16.0,0.0,16.0,0.0,0.0,0.0,680.4171613263692,578.1013942323625,2141.165530662985,5.821738371077604e-05,0.99609375,255.0,256.0,0.00390625
Qwen/Qwen3.5-35B-A3B,default,sslo,paragraph,0.0,16,4096,0,3,256,True,,,,,,,,,,,,0.28,sentence,349.8777892962098,353.20608615875244,714.120617890358,350.57361229784146,353.6129589325283,714.7615154936211,22.386377548674492,22.526559019610968,23.244351195445553,349713.59969229525,353056.42420146614,713981.2074728776,222.54390854745873,187.54381221253425,667.231850447712,0.15012147882953286,0.15012147882953286,0.15012147882953286,14.908885036904495,16.0,16.0,14.908885036904495,16.0,16.0,0.0,16.0,0.0,0.0,0.0,680.4203137397493,578.1243690289557,2141.0970088467006,5.821738371077604e-05,0.99609375,255.0,256.0,0.00390625
Qwen/Qwen3.5-35B-A3B,default,sslo_adaptive,paragraph,0.0,16,4096,0,1,256,True,,True,,,,,,,,,,0.28,sentence,349.8348372653127,353.15880048274994,714.0625200271606,350.54013320103877,353.57280059647746,714.7109501926228,22.385276957170102,22.528011963835183,23.243094762740572,349680.2033283475,353016.61478658207,713930.745643028,222.54646737307496,187.54368434054777,667.2457674447834,0.14992272574454546,0.14992272574454546,0.14992272574454546,14.908885036904495,16.0,16.0,14.908885036904495,16.0,16.0,0.0,16.0,0.0,0.0,0.0,680.3699289924604,578.1316109932959,2140.6002767197806,5.821738371077604e-05,0.99609375,255.0,256.0,0.00390625
Qwen/Qwen3.5-35B-A3B,default,sslo_adaptive,paragraph,0.0,16,4096,0,2,256,True,,True,,,,,,,,,,0.28,sentence,349.82070248760283,353.14375257492065,714.0350328445435,350.52510413866,353.55703100725077,714.6828654176555,22.384029644162805,22.52624747426156,23.238922679847867,349665.29447325226,353000.6650967989,713902.5854463223,222.5479133526943,187.54647741792724,667.2502174083902,0.14887818414717913,0.14887818414717913,0.14887818414717913,14.908885036904495,16.0,16.0,14.908885036904495,16.0,16.0,0.0,16.0,0.0,0.0,0.0,680.343680125148,578.1239587813616,2140.149271413684,5.821738371077604e-05,0.99609375,255.0,256.0,0.00390625
Qwen/Qwen3.5-35B-A3B,default,sslo_adaptive,paragraph,0.0,16,4096,0,3,256,True,,True,,,,,,,,,,0.28,sentence,349.8379215160385,353.1588076353073,714.0822558641433,350.548187193157,353.57894251309335,714.7390792576829,22.385820221527837,22.52350696365228,23.24467112420387,349688.24820604094,353022.49006950296,713958.8041630574,222.5451635477107,187.543948860839,667.2540151447444,0.1498092319816351,0.1498092319816351,0.1498092319816351,14.908885036904495,16.0,16.0,14.908885036904495,16.0,16.0,0.0,16.0,0.0,0.0,0.0,680.4018227571418,578.0851603485644,2140.6912360340375,5.821738371077604e-05,0.99609375,255.0,256.0,0.00390625
Qwen/Qwen3.5-35B-A3B,default,baseline,paragraph,16.0,16,4096,0,1,256,False,,,,,,,,,,,,,,337.9694711379707,342.0688440799713,692.7939429759979,338.7035266022558,342.70975491800345,693.2072234537219,22.320283179780667,22.435874977630977,23.080113196917164,337890.7747462472,341995.91284198686,692702.8467853786,230.05081487626927,192.5313645512797,716.6551509432127,0.5943043392617255,0.5943043392617255,1.0530692806234583,,,,,,,,,0.0,0.0,0.0,657.310756077285,562.0059249922633,1932.7916677855073,0.00011239112110143299,0.9921875,254.0,256.0,0.0078125
Qwen/Qwen3.5-35B-A3B,default,baseline,paragraph,16.0,16,4096,0,2,256,False,,,,,,,,,,,,,,350.87218396551907,342.22109973430634,727.0547685503958,351.6165164358481,342.9610441729892,728.1558605156605,22.32244441279425,22.434604543877246,22.998560834414203,350792.3425828267,342146.9571632333,726952.7036600745,223.45050471464376,191.1788559211418,646.0432759804839,,,,,,,,,,,,0.0,0.0,0.0,670.8772999922529,575.0364847481251,1940.808521080763,0.0,1.0,256.0,256.0,0.0
Qwen/Qwen3.5-35B-A3B,default,baseline,paragraph,16.0,16,4096,0,3,256,False,,,,,,,,,,,,,,314.5763970455155,317.06581234931946,665.4464893937111,315.3567303891996,317.4577147816308,665.9892553097568,22.277132165081305,22.283465121849478,23.12620089748313,314496.0139126106,317005.22874458693,665351.2341600144,220.65599292969543,185.4367290250957,659.9879421589709,,,,,,,,,,,,0.0,0.0,0.0,675.5145739828674,577.4572393856943,2071.2372581148506,0.0,1.0,256.0,256.0,0.0
Qwen/Qwen3.5-35B-A3B,default,sslo,paragraph,16.0,16,4096,0,1,256,True,,,,,,,,,,,,0.28,sentence,335.82671117130667,347.9322597980499,711.4056861639023,336.51653515540966,348.31166524463333,712.0266135064419,22.47004793335533,22.522019649099597,23.185329770956447,335746.8773775163,347858.4615075961,711308.7464864366,226.05391904182582,188.5295623652637,684.0077911107801,0.2957521694091459,0.31022230605594814,0.5263806803151965,14.661794716231869,16.0,16.0,14.661794716231869,16.0,16.0,0.0,16.0,0.0,0.0,0.0,678.9971106615665,579.8215959221125,2054.262574762106,0.0003468007629616785,0.99609375,255.0,256.0,0.00390625
Qwen/Qwen3.5-35B-A3B,default,sslo,paragraph,16.0,16,4096,0,2,256,True,,,,,,,,,,,,0.28,sentence,353.09937909431756,362.02831196784973,716.6955514311791,353.8405928614029,362.6591521373484,717.3005801204824,22.328957276825015,22.499124841864095,23.10691786799846,353020.0833691306,361953.28549225815,716593.0475314381,222.07359624069443,184.38925659889355,677.0083570922261,6.6295963388402015,6.6295963388402015,9.358503295299597,14.838863457840137,16.0,16.0,14.838863457840137,16.0,16.0,0.0,16.0,0.0,0.0,0.0,675.7447921197617,575.0196627341211,2040.67321419716,0.00011279679657097739,0.9921875,254.0,256.0,0.0078125
Qwen/Qwen3.5-35B-A3B,default,sslo,paragraph,16.0,16,4096,0,3,256,True,,,,,,,,,,,,0.28,sentence,314.08906578458846,316.5736548900604,664.4102876186371,314.8674895125823,316.95741930021904,664.9412384637864,22.243488037029728,22.24732254096044,23.09735488191911,314008.481185414,316506.14516204223,664304.7351273008,220.70587181208904,185.48875032761134,660.1320417272112,,,,14.579167742120509,16.0,16.0,14.579167742120509,16.0,16.0,0.0,16.0,0.0,0.0,0.0,674.5027029950405,576.6683048568666,2068.8711412716643,0.0,1.0,256.0,256.0,0.0
Qwen/Qwen3.5-35B-A3B,default,sslo_adaptive,paragraph,16.0,16,4096,0,1,256,True,,True,,,,,,,,,,0.28,sentence,342.6570074381307,342.65927290916443,702.3718361139297,343.38303256105246,343.3635262909811,702.9358681418001,22.419962492976747,22.516177547754438,23.189094567178337,342577.785322228,342596.18004225194,702283.9113753056,224.94786998521556,191.67438948201016,685.1974685289058,,,,14.769617402290642,16.0,16.0,14.769617402290642,16.0,16.0,0.0,16.0,0.0,0.0,0.0,680.9563717363679,580.0514961592853,2023.0309580452697,0.0,1.0,256.0,256.0,0.0
Qwen/Qwen3.5-35B-A3B,default,sslo_adaptive,paragraph,16.0,16,4096,0,2,256,True,,True,,,,,,,,,,0.28,sentence,350.883094066754,342.2351026535034,727.0809523820876,351.62652883755436,342.98052067356184,728.1849531505023,22.323058448206172,22.43500671775481,22.9992655742048,350802.9143801832,342166.6774135083,726982.6393841997,223.4493942548684,191.17977357981727,646.0392535954157,,,,14.742715240535757,16.0,16.0,14.742715240535757,16.0,16.0,0.0,16.0,0.0,0.0,0.0,670.9035788226166,575.1912901178002,1938.5422730632126,0.0,1.0,256.0,256.0,0.0
Qwen/Qwen3.5-35B-A3B,default,sslo_adaptive,paragraph,16.0,16,4096,0,3,256,True,,True,,,,,,,,,,0.28,sentence,314.61010789498687,317.09752321243286,665.53232588768,315.3901183742564,317.4890888633672,666.0746752545936,22.280110942089262,22.28550276101878,23.13012481795184,314529.80904075596,317036.9599678088,665436.9203051784,220.6516374392251,185.42990516289137,659.9800710808391,,,,14.579167742120509,16.0,16.0,14.579167742120509,16.0,16.0,0.0,16.0,0.0,0.0,0.0,675.6045256763194,577.5914010591805,2072.509829294867,0.0,1.0,256.0,256.0,0.0
Qwen/Qwen3.5-35B-A3B,default,baseline,paragraph,32.0,16,4096,0,1,256,False,,,,,,,,,,,,,,340.494157535024,337.3227401971817,700.1370987296104,341.24905126101294,337.80964476941153,700.618353664549,22.387917773994403,22.518776179435132,23.225186228606056,340414.3811791382,337258.083966095,700040.0983182945,228.41960919790878,191.1270205201581,694.729426456657,1.3666510451585054,1.3666510451585054,1.3666510451585054,,,,,,,,,0.0,0.0,0.0,678.1293447923545,579.6462669968605,2152.8759906301266,5.8024834629221305e-05,0.99609375,255.0,256.0,0.00390625
Qwen/Qwen3.5-35B-A3B,default,baseline,paragraph,32.0,16,4096,0,2,256,False,,,,,,,,,,,,,,342.3499078564346,339.6096923351288,717.1741942048072,343.07961060120397,340.38906950480305,717.97089429982,22.3159390778696,22.43807372651046,23.034989333791895,342270.0390349146,339539.15611165576,717086.8427425856,226.4454585049848,187.3767913398333,674.1104090166193,,,,,,,,,,,,0.0,0.0,0.0,664.827600541603,573.8677862100303,1923.9545889198819,0.0,1.0,256.0,256.0,0.0
Qwen/Qwen3.5-35B-A3B,default,baseline,paragraph,32.0,16,4096,0,3,256,False,,,,,,,,,,,,,,320.58147376589477,326.96171283721924,673.6933411478996,321.38624776500365,327.80282664112747,675.3745351332473,22.354474633105454,22.588594916923263,23.13317372191881,320498.74446933245,326894.32291453704,673597.9584574234,220.04399852394283,186.28595511126332,640.1584983401518,,,,,,,,,,,,0.0,0.0,0.0,665.1524116933753,571.3991089724004,1938.7274091178556,0.0,1.0,256.0,256.0,0.0
Qwen/Qwen3.5-35B-A3B,default,sslo,paragraph,32.0,16,4096,0,1,256,True,,,,,,,,,,,,0.28,sentence,340.5197895774618,337.3528553247452,700.1643926501274,341.273385022987,337.83453451283276,700.652065533027,22.389071647023734,22.51762064935071,23.226756737534906,340439.14657167264,337283.2596343942,700074.0841163555,228.41814600211106,191.12559929862618,694.729724168293,1.3648888980969787,1.3648888980969787,1.3648888980969787,14.93436196130044,16.0,16.0,14.93436196130044,16.0,16.0,0.0,16.0,0.0,0.0,0.0,678.1569274141411,579.7423641197383,2153.151682144962,5.8024834629221305e-05,0.99609375,255.0,256.0,0.00390625
Qwen/Qwen3.5-35B-A3B,default,sslo,paragraph,32.0,16,4096,0,2,256,True,,,,,,,,,,,,0.28,sentence,342.3850247506052,339.64644479751587,717.258084309101,343.1142336080193,340.43132612947375,718.0394408551742,22.318694815563887,22.440457074769576,23.038693908719633,342305.2636673929,339582.2384962812,717155.4198356111,226.44111455748111,187.37448315601796,674.104447998545,,,,14.792041919109218,16.0,16.0,14.792041919109218,16.0,16.0,0.0,16.0,0.0,0.0,0.0,664.9108895429358,574.0688629448414,1923.7685261853073,0.0,1.0,256.0,256.0,0.0
Qwen/Qwen3.5-35B-A3B,default,sslo,paragraph,32.0,16,4096,0,3,256,True,,,,,,,,,,,,0.28,sentence,320.5341373514384,326.9150836467743,673.5812443852424,321.33887986353875,327.752560418332,675.2707992367447,22.35119040886722,22.58563048168028,23.12965974287401,320452.0280916695,326844.87361833453,673491.4817562558,220.04954289538813,186.29174929950386,640.1721015025635,,,,14.729226115740213,16.0,16.0,14.729226115740213,16.0,16.0,0.0,16.0,0.0,0.0,0.0,665.0469501003913,571.245402796194,1938.4966625506067,0.0,1.0,256.0,256.0,0.0
Qwen/Qwen3.5-35B-A3B,default,sslo_adaptive,paragraph,32.0,16,4096,0,1,256,True,,True,,,,,,,,,,0.28,sentence,340.511558172293,337.3413940668106,700.1573807358741,341.26563815550617,337.82384131127037,700.6359629527898,22.388829124235944,22.517478175569586,23.224058488976485,340431.45186832047,337272.47940190136,700058.1978911533,228.418481835097,191.12449239287525,694.7285867851273,1.364803217817098,1.364803217817098,1.364803217817098,14.93436196130044,16.0,16.0,14.93436196130044,16.0,16.0,0.0,16.0,0.0,0.0,0.0,678.1510939097521,579.7927815001458,2153.349848804064,5.8024834629221305e-05,0.99609375,255.0,256.0,0.00390625
Qwen/Qwen3.5-35B-A3B,default,sslo_adaptive,paragraph,32.0,16,4096,0,2,256,True,,True,,,,,,,,,,0.28,sentence,342.3613803079352,339.6254233121872,717.2008276462554,343.08986911346983,340.40905043203384,717.9828312131808,22.3170014891969,22.438529683454345,23.038162863236778,342281.0115530974,339559.84428408556,717099.1762895136,226.44381280682973,187.38042603479698,674.1105900975232,,,,14.792041919109218,16.0,16.0,14.792041919109218,16.0,16.0,0.0,16.0,0.0,0.0,0.0,664.8596680877907,573.9546520635486,1923.8334953133053,0.0,1.0,256.0,256.0,0.0
Qwen/Qwen3.5-35B-A3B,default,sslo_adaptive,paragraph,32.0,16,4096,0,3,256,True,,True,,,,,,,,,,0.28,sentence,320.53342327289283,326.9130972623825,673.5865728855133,321.3380690155009,327.76083836937323,675.2745290978346,22.35145935164947,22.5848484799097,23.130243883542807,320451.21742816083,326853.6590654403,673495.2911727596,220.04911902001206,186.29232988669537,640.1723256040603,,,,14.729226115740213,16.0,16.0,14.729226115740213,16.0,16.0,0.0,16.0,0.0,0.0,0.0,665.0514669686746,571.3559621945024,1938.8261666428307,0.0,1.0,256.0,256.0,0.0
Qwen/Qwen3.5-35B-A3B,default,baseline,paragraph,4.0,16,4096,0,1,256,False,,,,,,,,,,,,,,316.50641554407775,292.51063072681427,679.8713696360587,317.29855382847876,295.0237895571627,680.6086802819558,22.394113049924414,22.56822137966609,23.175551465734053,316427.68294176675,292440.58128190227,679774.9099246225,227.4893021330504,189.6654445338063,693.8538635736331,1.4590288787148893,1.4590288787148893,1.4590288787148893,,,,,,,,,0.0,0.0,0.0,685.7992289594619,585.4404279962182,2075.093721039593,5.5862800960840175e-05,0.996078431372549,254.0,255.0,0.0039215686274509665
Qwen/Qwen3.5-35B-A3B,default,baseline,paragraph,4.0,16,4096,0,2,256,False,,,,,,,,,,,,,,314.66969616990536,320.4869991540909,616.2715836763382,315.40394641111925,320.996284784982,616.8381437485572,22.329418019623304,22.389736863178435,23.06841372932414,314592.3701086667,320420.1299515553,616177.8399691916,213.26719542712416,179.90506412880495,643.1162975275691,,,,,,,,,,,,0.0,0.0,0.0,657.9948256441717,567.9764859378338,1914.699621833859,0.0,1.0,256.0,256.0,0.0
Qwen/Qwen3.5-35B-A3B,default,baseline,paragraph,4.0,16,4096,0,3,256,False,,,,,,,,,,,,,,303.76180313155055,309.3671061992645,639.9153277993202,304.84773595483784,312.2908202460967,640.4965204346225,22.367971714124014,22.48196100591843,22.99155872528174,303683.4662332385,309297.58127965033,639811.5710925311,227.8091635593136,191.10172763001174,690.4042730829215,0.0183404628187418,0.0183404628187418,0.0183404628187418,,,,,,,,,0.0,0.0,0.0,671.4843583453011,575.3496149554849,2023.090247940277,5.826487210860572e-05,0.99609375,255.0,256.0,0.00390625
Qwen/Qwen3.5-35B-A3B,default,sslo,paragraph,4.0,16,4096,0,1,256,True,,,,,,,,,,,,0.28,sentence,285.9740777024999,283.25188529491425,592.703554880619,286.26553607029547,283.595226125326,593.5929234216457,22.264330241250978,22.409747373294557,23.080793413216245,285896.6648884834,283186.203956604,592611.7848268243,217.18568777612447,177.51597214280628,681.2172261315072,,,,14.563747080906914,16.0,16.0,14.563747080906914,16.0,16.0,0.0,16.0,0.0,0.0,0.0,678.805630936554,582.2168807499111,2064.4352422421807,0.0,1.0,255.0,255.0,0.0
Qwen/Qwen3.5-35B-A3B,default,sslo,paragraph,4.0,16,4096,0,2,256,True,,,,,,,,,,,,0.28,sentence,313.9944615010172,318.03623843193054,644.7990154504776,315.43146465711413,318.6680613348726,645.4211895410483,22.35549477972437,22.512629155124372,23.155612781615982,313916.82334301365,317962.9621519707,644704.6395092037,222.7437249281673,190.21911888197064,649.2106658986999,,,,14.890867413971431,16.0,16.0,14.890867413971431,16.0,16.0,0.0,16.0,0.0,0.0,0.0,675.7298449495207,577.4236235301942,2061.2414313014465,0.0,1.0,254.0,254.0,0.0
Qwen/Qwen3.5-35B-A3B,default,sslo,paragraph,4.0,16,4096,0,3,256,True,,,,,,,,,,,,0.28,sentence,329.0124450735748,333.33014523983,691.3866427659988,329.69856755377623,334.2745149100665,691.9171496416441,22.43385554092898,22.61063898124878,23.175418476198836,328935.16446095053,333270.0499303173,691284.1618175851,233.65523319326743,199.27311905450188,696.3341551409103,6.531836315989494,6.531836315989494,6.531836315989494,15.033105594977446,16.0,16.0,15.033105594977446,16.0,16.0,0.0,16.0,0.0,0.0,0.0,669.2641142633826,574.5444679632783,2002.871657256037,5.325948018747337e-05,0.99609375,255.0,256.0,0.00390625
Qwen/Qwen3.5-35B-A3B,default,sslo_adaptive,paragraph,4.0,16,4096,0,1,256,True,,True,,,,,,,,,,0.28,sentence,294.3548687901348,283.82740104198456,626.4106205940246,296.1181797570403,285.4267380000092,627.0857246805355,22.33171983979936,22.47312415221875,23.091521046600093,294277.5552267267,283757.68856308423,626318.5715962667,216.84191392894985,180.7052795700729,627.8634987751956,,,,14.78104081807047,16.0,16.0,14.78104081807047,16.0,16.0,0.0,16.0,0.0,0.0,0.0,676.1962704583133,579.574438277632,2028.9137648418593,0.0,1.0,255.0,255.0,0.0
Qwen/Qwen3.5-35B-A3B,default,sslo_adaptive,paragraph,4.0,16,4096,0,2,256,True,,True,,,,,,,,,,0.28,sentence,303.82901475578547,306.7809284925461,647.5816924333571,304.52154796401805,307.09376919688657,648.625042639291,22.434208217089644,22.511661266373594,23.3247704409952,303750.8209111511,306714.79245158844,647484.8614672199,222.94113395251395,186.63272816687822,670.3846354478972,,,,14.772110643750523,16.0,16.0,14.772110643750523,16.0,16.0,0.0,16.0,0.0,0.0,0.0,668.0461562874326,572.9248858988285,1994.2295468412362,0.0,1.0,255.0,255.0,0.0
Qwen/Qwen3.5-35B-A3B,default,sslo_adaptive,paragraph,4.0,16,4096,0,3,256,True,,True,,,,,,,,,,0.28,sentence,328.69218915794045,331.41096091270447,670.3824628829956,328.616647647093,331.71862277481705,671.246464786427,22.363567940236905,22.41229427494726,23.271052528594925,328615.17248006933,331346.1970810313,670289.0579731902,221.94487930316149,187.8090405697003,634.8412735573947,0.02091241884045303,0.02091241884045303,0.0244424543203786,14.709361875084676,16.0,16.0,14.709361875084676,16.0,16.0,0.0,16.0,0.0,0.0,0.0,667.2189826814925,575.4362866282463,1975.054787704721,0.00011203854125819282,0.9921568627450981,253.0,255.0,0.007843137254901933
Qwen/Qwen3.5-35B-A3B,default,baseline,paragraph,0.0,32,4096,0,1,256,False,,,,,,,,,,,,,,211.34525206498802,207.1774435043335,482.3854788303375,212.3657644963332,208.20533973583952,483.13013817474706,32.0732380667016,32.25001801369354,33.373304328524455,211182.57808203815,207035.44321702793,482254.9399962183,202.53763717700093,167.84396386053413,622.0634603151867,,,,,,,,,,,,0.0,0.0,0.0,970.4131685940282,831.5264950506389,2919.8324018903204,0.0,1.0,256.0,256.0,0.0
Qwen/Qwen3.5-35B-A3B,default,baseline,paragraph,0.0,32,4096,0,2,256,False,,,,,,,,,,,,,,211.3594316393137,207.18938434123993,482.4391710758209,212.38353626741264,208.22107929247431,483.1880821153288,32.07770511772638,32.25373122269551,33.3766611147472,211200.08594084537,207051.06186587363,482312.88749384694,202.53116755512417,167.8384423465468,622.0340871923232,,,,,,,,,,,,0.0,0.0,0.0,970.5546334952435,831.3972060568631,2920.587014351055,0.0,1.0,256.0,256.0,0.0
Qwen/Qwen3.5-35B-A3B,default,baseline,paragraph,0.0,32,4096,0,3,256,False,,,,,,,,,,,,,,211.4008944965899,207.23494589328766,482.53016206026075,212.42513701964344,208.26640568021685,483.27798086858814,32.083206606494215,32.25947919827339,33.38136154394672,211241.3626543366,207096.18609165773,482402.8377196286,202.52263049287555,167.83536248281598,622.0255137615653,,,,,,,,,,,,0.0,0.0,0.0,970.7284736823771,831.6286536864936,2920.92930434273,0.0,1.0,256.0,256.0,0.0
Qwen/Qwen3.5-35B-A3B,default,sslo,paragraph,0.0,32,4096,0,1,256,True,,,,,,,,,,,,0.28,sentence,211.35093499720097,207.18695485591888,482.41624745130537,212.3754885804483,208.21882992400788,483.16507986378855,32.075467727276255,32.25327087021992,33.37559349256264,211193.01878289843,207050.18349993043,482290.7466475851,202.53424252111273,167.83947543986142,622.0595768684337,,,,27.260744836219487,32.0,32.0,27.260744836219487,32.0,32.0,0.0,32.0,0.0,0.0,0.0,970.4924941442531,831.6443171352148,2920.3691724687974,0.0,1.0,256.0,256.0,0.0
Qwen/Qwen3.5-35B-A3B,default,sslo,paragraph,0.0,32,4096,0,2,256,True,,,,,,,,,,,,0.28,sentence,211.3386411294341,207.17136454582214,482.39452608823774,212.35951053792633,208.19959091814235,483.1414798849262,32.074627680823546,32.250137385119444,33.373484906883355,211177.2390071019,207030.85461910814,482267.2658073948,202.53536481432423,167.8480651951395,622.0380144821669,,,,27.260744836219487,32.0,32.0,27.260744836219487,32.0,32.0,0.0,32.0,0.0,0.0,0.0,970.4783193183456,831.5521692857146,2920.273572765306,0.0,1.0,256.0,256.0,0.0
Qwen/Qwen3.5-35B-A3B,default,sslo,paragraph,0.0,32,4096,0,3,256,True,,,,,,,,,,,,0.28,sentence,211.36053594667464,207.2010087966919,482.42357630729674,212.38595272415296,208.23096906207502,483.1400809397222,32.07783002049501,32.253326617694334,33.37461455663767,211203.6685677558,207061.8906938471,482265.7451016362,202.53042980498915,167.83771921880543,622.0381561800094,,,,27.260744836219487,32.0,32.0,27.260744836219487,32.0,32.0,0.0,32.0,0.0,0.0,0.0,970.5708691930982,831.641981843859,2920.6480142474334,0.0,1.0,256.0,256.0,0.0
Qwen/Qwen3.5-35B-A3B,default,sslo_adaptive,paragraph,0.0,32,4096,0,1,256,True,,True,,,,,,,,,,0.28,sentence,211.56938025821,207.4000368118286,482.9154019355774,212.59149891785273,208.42943031550385,483.6609066170407,32.10848289548101,32.28738901782531,33.40775782978683,211408.01793621358,207259.22865304165,482786.06885029003,202.48445603497345,167.80809578485787,621.9933176102676,,,,27.260744836219487,32.0,32.0,27.260744836219487,32.0,32.0,0.0,32.0,0.0,0.0,0.0,971.4803798459155,832.2970089502633,2923.9826311729994,0.0,1.0,256.0,256.0,0.0
Qwen/Qwen3.5-35B-A3B,default,sslo_adaptive,paragraph,0.0,32,4096,0,2,256,True,,True,,,,,,,,,,0.28,sentence,211.35734354611486,207.18981909751892,482.43924736976624,212.3809761949542,208.22057249792852,483.1870135546429,32.077602998429725,32.25163606527416,33.37847015836303,211198.51243507946,207051.59207549877,482312.57599871606,202.5307362963457,167.84163095103577,622.0365430958943,,,,27.260744836219487,32.0,32.0,27.260744836219487,32.0,32.0,0.0,32.0,0.0,0.0,0.0,970.5673621627453,831.7227470688522,2919.805704802291,0.0,1.0,256.0,256.0,0.0
Qwen/Qwen3.5-35B-A3B,default,sslo_adaptive,paragraph,0.0,32,4096,0,3,256,True,,True,,,,,,,,,,0.28,sentence,211.32254032045603,207.1577022075653,482.34682763814925,212.34617230408912,208.18836717051454,483.0940341383684,32.07156339900436,32.24719444244304,33.37068096619649,211163.91246284364,207019.6600370109,482220.06532675587,202.54009673957114,167.84366884222254,622.0319767257574,,,,27.260744836219487,32.0,32.0,27.260744836219487,32.0,32.0,0.0,32.0,0.0,0.0,0.0,970.3815884054303,831.2986567616463,2920.5943484977033,0.0,1.0,256.0,256.0,0.0
Qwen/Qwen3.5-35B-A3B,default,baseline,paragraph,16.0,32,4096,0,1,256,False,,,,,,,,,,,,,,200.1922730449587,198.2378330230713,439.13413524627686,201.11451697038194,197.16167561989278,439.8560876338184,32.32590331879143,32.636851634551626,33.773553306448235,200085.58687553523,198134.80342342518,439014.11933526397,202.32470707272896,169.3738746382296,613.3017501062379,9.445123565848917,9.445123565848917,9.445123565848917,,,,,,,,,0.0,0.0,0.0,961.3408279270578,818.1283979211003,2953.4445301629594,6.035731530661516e-05,0.996078431372549,254.0,255.0,0.0039215686274509665
Qwen/Qwen3.5-35B-A3B,default,baseline,paragraph,16.0,32,4096,0,2,256,False,,,,,,,,,,,,,,219.68313736189157,220.48686373233795,490.2502668619156,220.72210715825713,221.0531414959114,491.23172594867646,32.19340105405884,32.48376424323164,33.40238853890816,219575.64146813456,220379.45042736828,490116.3641717052,204.02842642137892,169.2448870476801,630.4712614839202,1.3826886843889952,0.7961226529441774,2.810478435298428,,,,,,,,,0.0,0.0,0.0,961.6336586208761,821.3132619857788,2940.014490112664,0.000168482533977311,0.98828125,253.0,256.0,0.01171875
Qwen/Qwen3.5-35B-A3B,default,baseline,paragraph,16.0,32,4096,0,3,256,False,,,,,,,,,,,,,,209.4527615243569,199.21899342536926,463.10565803050997,210.48745479658282,200.29372603190131,464.60387627880556,31.911042741394542,32.270981678494316,33.08981263959742,209345.86408510042,199131.20223931037,462985.9155928716,198.33258879705068,165.61250318959355,642.5529322629362,0.38165311282500625,0.38165311282500625,0.38165311282500625,,,,,,,,,0.0,0.0,0.0,954.6662462579087,819.2955763079226,2880.119043807475,5.757715338553662e-05,0.99609375,255.0,256.0,0.00390625
Qwen/Qwen3.5-35B-A3B,default,sslo,paragraph,16.0,32,4096,0,1,256,True,,,,,,,,,,,,0.28,sentence,205.57523000333458,200.98698234558105,463.75561686754224,205.66310096443905,201.63106223475188,464.8883346065693,32.486395346715334,32.73043791645475,33.7119237910006,205469.88866798527,200898.0450129602,463638.2596160751,209.98834005344654,177.24063772591762,645.2062717025019,12.860863600391895,12.860863600391895,15.172156842099502,28.41476759628154,32.0,32.0,28.41476759628154,32.0,32.0,0.0,32.0,0.0,0.0,0.0,967.265290137582,827.3457961622626,2906.3209216575965,0.00011396011396011396,0.9921568627450981,253.0,255.0,0.007843137254901933
Qwen/Qwen3.5-35B-A3B,default,sslo,paragraph,16.0,32,4096,0,2,256,True,,,,,,,,,,,,0.28,sentence,190.11848338879645,190.60877311229706,425.79086698293685,191.16144668265042,191.4377373708412,426.47469334697814,31.877999708395492,32.09553476201961,33.177907408155406,190011.8524469526,190514.8774520494,425678.48915515933,201.5316656054814,165.99774904502556,661.7501402344834,1.9919494374189526,1.9919494374189526,2.6719538557669145,27.45290569866411,32.0,32.0,27.45290569866411,32.0,32.0,0.0,32.0,0.0,0.0,0.0,966.4593095479842,832.1490380913019,2862.3775561340153,0.0001277791975466394,0.9921875,254.0,256.0,0.0078125
Qwen/Qwen3.5-35B-A3B,default,sslo,paragraph,16.0,32,4096,0,3,256,True,,,,,,,,,,,,0.28,sentence,195.5938629033044,202.43202078342438,417.31977635622025,195.70401907479942,199.62369781266898,418.1220314556593,32.347841626918765,32.59654456199268,33.54787749801853,195487.46982252307,202344.7690147441,417194.9961979175,208.0919220154217,169.13360097818077,675.4137440863993,1.3322187368758023,1.3322187368758023,1.3322187368758023,28.230847515124104,32.0,32.0,28.230847515124104,32.0,32.0,0.0,32.0,0.0,0.0,0.0,962.7351131754175,826.6443409956992,2878.8213828578555,6.127075546841493e-05,0.9960629921259843,253.0,254.0,0.003937007874015741
Qwen/Qwen3.5-35B-A3B,default,sslo_adaptive,paragraph,16.0,32,4096,0,1,256,True,,True,,,,,,,,,,0.28,sentence,199.6483340729028,186.08792662620544,445.6494506835937,200.8378605273954,187.10531566897407,446.22777846038343,32.084742026875126,32.363830784351826,33.30741889688186,199541.32245435723,185992.22592893057,445516.2912237458,206.722747729297,173.22875736327842,631.8064064167206,6.787511566653848,6.282007393427193,16.013664720417,27.735639651345352,32.0,32.0,27.735639651345352,32.0,32.0,0.0,32.0,0.0,0.0,0.0,959.4102828710935,826.7028569243848,2813.3150020614253,0.0003593675131768088,0.9764705882352941,249.0,255.0,0.02352941176470591
Qwen/Qwen3.5-35B-A3B,default,sslo_adaptive,paragraph,16.0,32,4096,0,2,256,True,,True,,,,,,,,,,0.28,sentence,190.13018162176013,190.6230105161667,425.8142223238945,191.17258774816582,191.45040231826715,426.5021543108625,31.879839344869417,32.098265396237586,33.179046952826084,190022.98826873812,190528.1398696825,425705.78401214443,201.52907404718445,165.99780582170933,661.7461344401119,1.9938322661910206,1.9938322661910206,2.673847577567212,27.45290569866411,32.0,32.0,27.45290569866411,32.0,32.0,0.0,32.0,0.0,0.0,0.0,966.513022837927,832.1203393861651,2862.473307219334,0.0001277791975466394,0.9921875,254.0,256.0,0.0078125
Qwen/Qwen3.5-35B-A3B,default,sslo_adaptive,paragraph,16.0,32,4096,0,3,256,True,,True,,,,,,,,,,0.28,sentence,216.57073370926082,218.85616779327393,488.95763314962386,217.65144522985247,219.5863670259714,489.95160461619963,32.41976481023752,32.599936583055154,34.047377209333696,216464.34722803498,218767.24324095994,488836.10169913154,213.3143115546934,175.07086753938347,669.8267364703308,4.641097769374028,4.641097769374028,6.178723844639025,28.082548019980432,32.0,32.0,28.082548019980432,32.0,32.0,0.0,32.0,0.0,0.0,0.0,987.0767057435216,841.0170981660485,3056.2174191698446,0.00011396660778391932,0.9921875,254.0,256.0,0.0078125
Qwen/Qwen3.5-35B-A3B,default,baseline,paragraph,32.0,32,4096,0,1,256,False,,,,,,,,,,,,,,214.39343010168523,206.67042422294617,464.2937434673309,215.54395344095428,207.57395215844736,465.5065231029177,32.325892662694265,32.409802772063806,33.75323051877192,214285.70177359326,206565.5302524101,464171.3785605738,208.0189335124838,174.7818566886708,632.1237387681333,10.053127036197111,10.053127036197111,16.583629171173087,,,,,,,,,0.0,0.0,0.0,981.1928115939197,833.7026610970497,3012.353614135632,0.00011708230886313078,0.9921875,254.0,256.0,0.0078125
Qwen/Qwen3.5-35B-A3B,default,baseline,paragraph,32.0,32,4096,0,2,256,False,,,,,,,,,,,,,,226.43235829658806,212.490877866745,498.14859511852256,227.53481475186163,213.20417954516597,499.4350883744191,32.295588835111595,32.64010739171598,33.39620793984493,226324.28102275298,212398.73927342705,498039.2693140776,209.44570164099295,176.30663369013928,636.7265588666079,2.182134489994496,2.182134489994496,2.182134489994496,,,,,,,,,0.0,0.0,0.0,964.6703185401573,824.8632631730288,2954.4439995195717,5.572272372673576e-05,0.99609375,255.0,256.0,0.00390625
Qwen/Qwen3.5-35B-A3B,default,baseline,paragraph,32.0,32,4096,0,3,256,False,,,,,,,,,,,,,,204.98368074279279,194.36409628391266,455.2566256046295,206.07249635518565,195.50795982801355,455.8853420932777,32.1266480465193,32.51920261811901,33.65617809065449,204873.84137655864,194266.4782323409,455129.53545383643,205.49739287963433,171.96678824047558,614.2326819642539,1.5716590051140105,0.5727997461799532,13.79027131951413,,,,,,,,,0.0,0.0,0.0,963.3742518148658,828.3757576718926,2838.407266000285,0.0008443908323281062,0.984375,252.0,256.0,0.015625
Qwen/Qwen3.5-35B-A3B,default,sslo,paragraph,32.0,32,4096,0,1,256,True,,,,,,,,,,,,0.28,sentence,204.2613654360175,204.3357288837433,439.0622043132782,205.35357470536655,205.10352496034466,440.9574583359994,32.422437493133785,32.71186289977617,33.580509063204694,204155.33871525805,204235.43578688987,438942.04649629537,201.96761716916512,165.94398417090997,626.6552345425356,,,,27.718391768718895,32.0,32.0,27.718391768718895,32.0,32.0,0.0,32.0,0.0,0.0,0.0,975.1288565382708,834.9436747375876,2925.0171328196243,0.0,1.0,256.0,256.0,0.0
Qwen/Qwen3.5-35B-A3B,default,sslo,paragraph,32.0,32,4096,0,2,256,True,,,,,,,,,,,,0.28,sentence,219.0911341411993,217.43503510951996,484.0286224842071,220.18041542925675,218.4782320575323,484.84461069086103,32.002190300432936,32.35588543456568,32.928792983503264,218982.5992686947,217338.23129464872,483892.24840144155,205.4821394810464,174.94398885709234,632.9059316517598,0.044074649922549725,0.044074649922549725,0.044074649922549725,27.56781632969647,32.0,32.0,27.56781632969647,32.0,32.0,0.0,32.0,0.0,0.0,0.0,955.2579360161157,822.4094866309315,2842.2032951144497,5.72737686139748e-05,0.99609375,255.0,256.0,0.00390625
Qwen/Qwen3.5-35B-A3B,default,sslo,paragraph,32.0,32,4096,0,3,256,True,,,,,,,,,,,,0.28,sentence,204.75443088449538,194.35485744476318,452.0045315146446,205.85641209423375,195.49451291910373,452.71156471318096,32.22225329952654,32.57828875717514,33.664481057178605,204644.487030253,194253.5901418887,451878.9784308988,204.691281846666,172.47736292309128,622.2048713663652,1.67610920338581,0.6122340955771506,13.682693177759639,27.613723894765393,32.0,32.0,27.613723894765393,32.0,32.0,0.0,32.0,0.0,0.0,0.0,951.198618041233,823.4773667063564,2718.0230796476826,0.0008934953538241601,0.98046875,251.0,256.0,0.01953125
Qwen/Qwen3.5-35B-A3B,default,sslo_adaptive,paragraph,32.0,32,4096,0,1,256,True,,True,,,,,,,,,,0.28,sentence,215.71085377782583,220.89494502544403,474.3282423973083,217.30632402355332,228.03612783760764,475.33539676340297,32.34610248454251,32.74716092467589,33.54548576626575,215603.00872132758,220797.9707454797,474215.27465386316,212.2365762422175,179.19061295711435,637.9111077151259,6.205976779262225,4.308788578957319,12.180845535742119,27.770477995367447,32.0,32.0,27.770477995367447,32.0,32.0,0.0,32.0,0.0,0.0,0.0,970.5267622948343,819.5360559038818,2888.1416078424013,0.00017599436818021823,0.98828125,253.0,256.0,0.01171875
Qwen/Qwen3.5-35B-A3B,default,sslo_adaptive,paragraph,32.0,32,4096,0,2,256,True,,True,,,,,,,,,,0.28,sentence,226.40650482475758,212.4725387096405,498.08748233318323,227.50868394504687,213.1839488556143,499.3710736875422,32.29263123917967,32.63541198192307,33.39181766381647,226299.14587497298,212379.42644767463,497976.7046957509,209.45106785023526,176.30954821384512,636.7390361392404,2.1865725181996822,2.1865725181996822,2.1865725181996822,27.81288654567576,32.0,32.0,27.81288654567576,32.0,32.0,0.0,32.0,0.0,0.0,0.0,964.5710724469673,824.4773312471807,2954.9023110652342,5.572272372673576e-05,0.99609375,255.0,256.0,0.00390625
Qwen/Qwen3.5-35B-A3B,default,sslo_adaptive,paragraph,32.0,32,4096,0,3,256,True,,True,,,,,,,,,,0.28,sentence,228.44668169599026,237.30835032463074,478.7371220588684,229.57225535553152,238.4373830400873,479.48670488295613,32.38284570726072,32.608387432324555,33.89838803322387,228337.1431943433,237209.38327698968,478620.8021886647,208.82009054266544,176.14836088032462,626.9345041566947,,,,27.78149729279467,32.0,32.0,27.78149729279467,32.0,32.0,0.0,32.0,0.0,0.0,0.0,968.9172688300616,825.3670167177916,2862.6837851479504,0.0,1.0,256.0,256.0,0.0
Qwen/Qwen3.5-35B-A3B,default,baseline,paragraph,4.0,32,4096,0,1,256,False,,,,,,,,,,,,,,189.8705727942288,187.82216227054596,423.4282765984535,191.535023964222,189.2179289148189,424.40045197167433,32.13431370443649,32.54310104075665,33.22965418055914,189765.8067347329,187728.0316487886,423307.1885658894,215.84437965341326,182.69515788042918,643.6717982294371,12.615540723161152,4.014860901981592,32.158516674619165,,,,,,,,,0.0,0.0,0.0,964.6173661255318,823.5637219622731,2883.173471256162,0.00017321016166281755,0.9882352941176471,252.0,255.0,0.0117647058823529
Qwen/Qwen3.5-35B-A3B,default,baseline,paragraph,4.0,32,4096,0,2,256,False,,,,,,,,,,,,,,190.29680003784597,195.38098812103271,415.57048798799514,191.2987488626677,196.43587380181998,416.31143227803983,32.084186857288636,32.3897907846995,33.662610080402835,190192.85469262284,195277.92496443726,415437.7402075799,209.40653615820494,174.26953483978286,653.7583215621767,1.4282246655784547,1.4282246655784547,2.0527995257638394,,,,,,,,,0.0,0.0,0.0,964.6968655134633,827.930694911629,3001.8012806586935,0.00012037315678603672,0.9921875,254.0,256.0,0.0078125
Qwen/Qwen3.5-35B-A3B,default,baseline,paragraph,4.0,32,4096,0,3,256,False,,,,,,,,,,,,,,165.2814165148884,161.9859299659729,362.3555367231369,166.31665869621975,163.2881633755751,363.0068008355796,31.818744557979873,32.09421481437727,33.04629227355956,165176.95341390936,161887.83079362474,362224.9486367684,201.7836593669641,166.2365061272867,615.7346536353043,,,,,,,,,,,,0.0,0.0,0.0,948.3400936192622,813.0289977416396,2808.689904902125,0.0,1.0,256.0,256.0,0.0
Qwen/Qwen3.5-35B-A3B,default,sslo,paragraph,4.0,32,4096,0,1,256,True,,,,,,,,,,,,0.28,sentence,186.31607547216117,174.51249837875366,443.1222527623176,187.37185734653576,175.18671165895648,443.6421052586054,32.200800893594334,32.534232658661765,33.17952085041352,186212.34586471657,174413.51456055418,443004.8476655501,208.1072498105749,179.05572876543738,600.2737708245263,12.586828660219908,12.586828660219908,13.586353274732828,27.941341763259572,32.0,32.0,27.941341763259572,32.0,32.0,0.0,32.0,0.0,0.0,0.0,972.9253308646688,824.2826089262962,2948.477686047553,0.00011074197120708749,0.9921875,254.0,256.0,0.0078125
Qwen/Qwen3.5-35B-A3B,default,sslo,paragraph,4.0,32,4096,0,2,256,True,,,,,,,,,,,,0.28,sentence,190.2836515204981,195.37032210826874,415.5361614465713,191.28513179979564,196.42502885614522,416.2895882798824,32.08236243320179,32.38765731094558,33.66387804882321,190180.2384039929,195268.39131861925,415417.2217648709,209.409478749684,174.26957002887502,653.7696237586347,1.4277234585024416,1.4277234585024416,2.0529003645386545,26.839326019631514,32.0,32.0,26.839326019631514,32.0,32.0,0.0,32.0,0.0,0.0,0.0,964.644929789973,827.9298101551831,3000.9208426903947,0.00012037315678603672,0.9921875,254.0,256.0,0.0078125
Qwen/Qwen3.5-35B-A3B,default,sslo,paragraph,4.0,32,4096,0,3,256,True,,,,,,,,,,,,0.28,sentence,181.75295569747686,192.75483691692352,392.30715690851207,182.74267107181186,193.8537475389894,393.2108946952037,31.972646285443467,32.21694123866354,33.70008687466347,181649.3829401679,192649.3325503543,392190.2253145585,201.6308074669972,167.85317238862626,639.9007092389228,,,,27.75662350327789,32.0,32.0,27.75662350327789,32.0,32.0,0.0,32.0,0.0,0.0,0.0,957.3088196816083,820.191479055211,2912.683611265382,0.0,1.0,256.0,256.0,0.0
Qwen/Qwen3.5-35B-A3B,default,sslo_adaptive,paragraph,4.0,32,4096,0,1,256,True,,True,,,,,,,,,,0.28,sentence,192.53818867821246,190.16833412647247,428.63459545373917,193.51127803401687,191.48884562496096,429.6539192487253,32.16927286626615,32.4965252517246,33.60044260793414,192433.97240923514,190083.82367901504,428509.35076980386,203.63975970907074,171.3129551699385,626.6391248542536,2.6439374128822237,2.6439374128822237,3.9865751536609606,27.45448948178553,32.0,32.0,27.45448948178553,32.0,32.0,0.0,32.0,0.0,0.0,0.0,967.2688096153693,825.4129537381232,2906.234673904249,0.00011468547508458054,0.9921875,254.0,256.0,0.0078125
Qwen/Qwen3.5-35B-A3B,default,sslo_adaptive,paragraph,4.0,32,4096,0,2,256,True,,True,,,,,,,,,,0.28,sentence,189.43816409260035,186.89317417144775,407.51837565898893,190.48883859197304,188.20641225553118,408.08756189765404,32.02610141519726,32.29595860233246,33.21351540146479,189333.09284967254,186785.2147645317,407392.4191063968,200.828596318896,168.30617209896445,621.8640934711602,0.6331310423556715,0.6335631674155593,1.245729047236964,27.26746421704764,32.0,32.0,27.26746421704764,32.0,32.0,0.0,32.0,0.0,0.0,0.0,964.7774440296447,823.2486969791353,2968.261625897144,0.00024220405691795338,0.99609375,255.0,256.0,0.00390625
Qwen/Qwen3.5-35B-A3B,default,sslo_adaptive,paragraph,4.0,32,4096,0,3,256,True,,True,,,,,,,,,,0.28,sentence,165.8004664182663,163.16935753822327,367.1584699392318,166.82698737342997,164.1482166715432,370.1531178688398,31.9101007476324,32.01007562039491,33.13023829180604,165696.9049229665,163065.716417972,367040.2776644332,196.82480927131195,163.5772107397206,612.2144051153585,1.7004565211633842,1.5972850709222257,2.5565068901889028,27.524964897500702,32.0,32.0,27.524964897500702,32.0,32.0,0.0,32.0,0.0,0.0,0.0,956.0284894684202,818.626964930445,2835.460907705128,0.00018857250612860644,0.9881889763779528,251.0,254.0,0.011811023622047223
Qwen/Qwen3.5-35B-A3B,default,baseline,paragraph,0.0,64,4096,0,1,256,False,,,,,,,,,,,,,,122.95642056316137,114.41999793052673,303.3792952299118,124.37992257110636,115.7448716328945,304.47810816341075,43.39197895526963,44.10671720222112,45.39696629322205,122755.07186667164,114228.21231815033,303220.1332329307,192.99770338703732,161.43702939990908,599.1616842111574,1.9769208628373842,2.0646919729188085,3.6240996865089983,,,,,,,,,0.0,0.0,0.0,1281.2296344042832,1094.3156839348376,3837.8598139621427,0.00016717748676511564,0.98828125,253.0,256.0,0.01171875
Qwen/Qwen3.5-35B-A3B,default,baseline,paragraph,0.0,64,4096,0,2,256,False,,,,,,,,,,,,,,122.94063840713352,114.40261006355286,303.34335347414014,124.36343522106836,115.72787835611962,304.440862514521,43.38475825377484,44.102445919116704,45.39319821266618,122739.74621148409,114211.08389296569,303184.0485540684,193.0054005971896,161.4366443566978,599.1775862903149,1.967491378231595,2.065385919995606,3.5970757975429297,,,,,,,,,0.0,0.0,0.0,1281.0804378311104,1094.6213537827134,3837.437454387557,0.00016717748676511564,0.98828125,253.0,256.0,0.01171875
Qwen/Qwen3.5-35B-A3B,default,baseline,paragraph,0.0,64,4096,0,3,256,False,,,,,,,,,,,,,,122.94348512496799,114.40926384925842,303.34418618679047,124.36518421450637,115.73296986450441,304.4413187250495,43.38525804622803,44.103707861546454,45.397847446993715,122742.03653928998,114216.59716009162,303183.8341139489,193.0040308852321,161.44138107588515,599.1776755462403,1.9835253002432485,2.0664613200351596,3.643592808330432,,,,,,,,,0.0,0.0,0.0,1281.1180629063213,1094.3709388375282,3837.280095294128,0.00016717748676511564,0.98828125,253.0,256.0,0.01171875
Qwen/Qwen3.5-35B-A3B,default,sslo,paragraph,0.0,64,4096,0,1,256,True,,,,,,,,,,,,0.28,sentence,122.95690795592964,114.42392420768738,303.3707056045532,124.37914349456332,115.74753640196286,304.46790285781026,43.39060655901879,44.10688650699944,45.393682776769616,122755.64808271884,114232.48158651404,303211.5903529571,192.99900843725277,161.43888108292595,599.1667171744446,1.9625084487100442,2.0645822980441153,3.5823534123133864,49.46394557823129,64.0,64.0,49.46394557823129,64.0,64.0,0.0,64.0,0.0,0.0,0.0,1281.1697430541756,1094.2448382265866,3836.999709326783,0.00016717748676511564,0.98828125,253.0,256.0,0.01171875
Qwen/Qwen3.5-35B-A3B,default,sslo,paragraph,0.0,64,4096,0,2,256,True,,,,,,,,,,,,0.28,sentence,122.95302089396864,114.4150995016098,303.36842780113216,124.37383547853642,115.73788394639269,304.4639084000839,43.38886298019057,44.10695197385928,45.394944807983386,122751.957345954,114222.93936507776,303208.2598095992,192.9971961261605,161.43406199710444,599.1633021879197,1.9838714820022385,2.0656401948072016,3.645437637902796,49.46394557823129,64.0,64.0,49.46394557823129,64.0,64.0,0.0,64.0,0.0,0.0,0.0,1281.2385124852945,1094.6779139339924,3837.90267262609,0.00016717748676511564,0.98828125,253.0,256.0,0.01171875
Qwen/Qwen3.5-35B-A3B,default,sslo,paragraph,0.0,64,4096,0,3,256,True,,,,,,,,,,,,0.28,sentence,122.9424162376672,114.41050028800964,303.33073086738585,124.36366068171264,115.73362854425795,304.4266475542914,43.3758863141008,44.10388458563386,45.39193317328946,122741.65929836636,114218.6033995822,303171.30450182594,193.01800354603537,161.47459306102246,599.2217331840285,1.9184868489392102,2.0666942186653614,3.452205602219328,49.46394557823129,64.0,64.0,49.46394557823129,64.0,64.0,0.0,64.0,0.0,0.0,0.0,1280.7204113660007,1094.35966424644,3836.32715325804,0.00016717748676511564,0.98828125,253.0,256.0,0.01171875
Qwen/Qwen3.5-35B-A3B,default,sslo_adaptive,paragraph,0.0,64,4096,0,1,256,True,,True,,,,,,,,,,0.28,sentence,122.93757657613605,114.4048502445221,303.33059586286544,124.36228591135477,115.732595942216,304.43423342602324,43.383824489136224,44.10399251181964,45.38740637950227,122740.796360491,114217.52275153995,303178.32031738944,193.00391861854357,161.4446275057271,599.1752605254204,1.9706034078262746,2.06678352272138,3.605398271726444,49.46394557823129,64.0,64.0,49.46394557823129,64.0,64.0,0.0,64.0,0.0,0.0,0.0,1281.1007410258794,1094.302574172616,3837.2826217487564,0.00016717748676511564,0.98828125,253.0,256.0,0.01171875
Qwen/Qwen3.5-35B-A3B,default,sslo_adaptive,paragraph,0.0,64,4096,0,2,256,True,,True,,,,,,,,,,0.28,sentence,122.9448726773262,114.41130864620209,303.3517238974571,124.36775850793128,115.73585454793647,304.45104830591004,43.38651255134172,44.10442372599801,45.38804868081829,122746.07743314482,114221.43950709142,303194.81549290934,192.99974770414426,161.43645893177018,599.165231975075,1.9754937967906396,2.0663510067388415,3.619281137511134,49.46394557823129,64.0,64.0,49.46394557823129,64.0,64.0,0.0,64.0,0.0,0.0,0.0,1281.1820611795195,1094.3416603840888,3837.7786457538714,0.00016717748676511564,0.98828125,253.0,256.0,0.01171875
Qwen/Qwen3.5-35B-A3B,default,sslo_adaptive,paragraph,0.0,64,4096,0,3,256,True,,True,,,,,,,,,,0.28,sentence,122.94393902365118,114.40593433380127,303.3573442578315,124.36428565217648,115.72822415572591,304.4526711274404,43.38652435880845,44.103342192122426,45.39333192688462,122742.5086614021,114213.42567144893,303196.88729932526,193.00071023237174,161.43494798522443,599.1656467725711,1.9588978566850226,2.065148669295013,3.573233382506296,49.46394557823129,64.0,64.0,49.46394557823129,64.0,64.0,0.0,64.0,0.0,0.0,0.0,1281.1524995521447,1094.393862877041,3837.7957187593092,0.00016717748676511564,0.98828125,253.0,256.0,0.01171875
Qwen/Qwen3.5-35B-A3B,default,baseline,paragraph,16.0,64,4096,0,1,256,False,,,,,,,,,,,,,,107.99879141990095,111.24178647994995,266.6271820425987,109.92665463958082,112.77110663382336,268.0283350800257,43.36476071387273,43.82393576967022,45.41200946843321,107857.71309877418,111111.30979238078,266458.14422890544,190.86509244357165,156.63695577648468,599.2503795031224,0.7367594043413798,1.0646309512667358,1.1249421670939774,,,,,,,,,0.0,0.0,0.0,1290.706298618457,1104.9725369084626,3924.1632010321923,0.00017787264318747776,0.9882352941176471,252.0,255.0,0.0117647058823529
Qwen/Qwen3.5-35B-A3B,default,baseline,paragraph,16.0,64,4096,0,2,256,False,,,,,,,,,,,,,,113.18221328407526,112.38716244697571,279.79323469400407,114.60554175084326,113.7016604593955,280.89435560568234,43.263001548673934,43.80870536712313,45.75566640550288,113038.28973413874,112231.91118449904,279649.3587933481,191.87101217992696,159.8778014604468,588.3802101576891,2.4339720346033573,0.8430680851452053,5.710626716725528,,,,,,,,,0.0,0.0,0.0,1286.3705206347122,1105.9240093454719,3927.908265851449,0.0001736714136853074,0.98828125,253.0,256.0,0.01171875
Qwen/Qwen3.5-35B-A3B,default,baseline,paragraph,16.0,64,4096,0,3,256,False,,,,,,,,,,,,,,103.75890541262925,98.25945436954498,262.23601115941995,104.85475384499148,97.09777629002929,263.82862762372014,43.536070904448074,44.201205135124106,45.445354499176,103611.89355325223,98123.5726554878,262088.1521550938,190.5300718361725,155.16591802006587,613.5305235006707,0.39453711742535236,0.19009096594527364,1.0597678817622365,,,,,,,,,0.0,0.0,0.0,1298.677720256633,1108.1207292154431,4054.882069006563,0.0003047294002925402,0.9803921568627451,250.0,255.0,0.019607843137254943
Qwen/Qwen3.5-35B-A3B,default,sslo,paragraph,16.0,64,4096,0,1,256,True,,,,,,,,,,,,0.28,sentence,103.66294545866549,90.87356150150299,291.56507247686386,105.21233507624908,92.27019767975435,292.648715694095,43.26161729568972,43.73373251885318,45.67240095614285,103521.9896595172,90749.66979003511,291391.6202359367,187.50303670275332,156.55331604345702,601.6672880549914,0.8538202660468718,0.18404222279787064,2.2590967033803464,47.77377938517179,64.0,64.0,47.77377938517179,64.0,64.0,0.0,64.0,0.0,0.0,0.0,1301.3795612049198,1111.0130166634917,3983.589902357198,0.00017599436818021823,0.9881889763779528,251.0,254.0,0.011811023622047223
Qwen/Qwen3.5-35B-A3B,default,sslo,paragraph,16.0,64,4096,0,2,256,True,,,,,,,,,,,,0.28,sentence,117.37902981229126,124.52795422077179,284.4615409374237,118.72635679840859,126.05396354710683,285.4602241223492,43.38738145597842,43.96113852014254,46.111743657829386,117233.18649544126,124368.29745140858,284281.08964439016,189.3527846961443,159.07441214518622,580.7827787078916,0.9238323901822283,0.6631929874420166,6.438783701481292,48.61984760855595,64.0,64.0,48.61984760855595,64.0,64.0,0.0,64.0,0.0,0.0,0.0,1282.417202273753,1094.5657650008798,4002.795463837679,0.0012689623348906961,0.984313725490196,251.0,255.0,0.015686274509803977
Qwen/Qwen3.5-35B-A3B,default,sslo,paragraph,16.0,64,4096,0,3,256,True,,,,,,,,,,,,0.28,sentence,119.45415681321174,114.69400024414062,288.5854764699936,120.90638857715385,115.53732476104051,289.73548052145634,43.28424880261494,43.868399302569394,45.68292641997456,119298.94832515856,114566.82212557644,288431.97277328,188.09196085008796,154.81974319182336,610.533809335269,0.8424232658464461,0.7330609732307494,2.0772805020119978,47.06331956170289,61.0,64.0,47.06331956170289,61.0,64.0,0.0,64.0,0.0,0.0,0.0,1281.6319150314537,1112.0835579931736,3799.661708576604,0.0035016049022468633,0.984375,252.0,256.0,0.015625
Qwen/Qwen3.5-35B-A3B,default,sslo_adaptive,paragraph,16.0,64,4096,0,1,256,True,,True,,,,,,,,,,0.28,sentence,107.67033396102488,111.20280480384827,262.84995449781417,109.61980568393517,112.7055919948034,265.0214571851585,43.17641680290794,43.77834768567839,45.220035548139634,107528.91276445553,111048.7066428177,262681.914751674,192.61673013451588,157.99092456977814,606.1431802780272,0.8026123743504285,1.051859921310097,1.3587948679551483,50.15132456641891,64.0,64.0,50.15132456641891,64.0,64.0,0.0,64.0,0.0,0.0,0.0,1273.3327963882462,1090.0205364450812,3786.175131620833,0.00029012417314610656,0.9803921568627451,250.0,255.0,0.019607843137254943
Qwen/Qwen3.5-35B-A3B,default,sslo_adaptive,paragraph,16.0,64,4096,0,2,256,True,,True,,,,,,,,,,0.28,sentence,114.20354065578431,110.63702070713043,280.64336639642715,115.63603981133807,111.62100757891312,281.38749089780265,43.407008363873466,44.01297728250747,45.94921157726878,114059.44971328245,110489.30542101152,280469.94208795944,195.41351150133798,163.53439326863736,608.1534949801444,3.2355579184368253,0.27465021796524525,17.066527229337957,49.18094975659043,64.0,64.0,49.18094975659043,64.0,64.0,0.0,64.0,0.0,0.0,0.0,1301.176057719322,1103.845275938511,4081.4994904166097,0.00034638032559750607,0.9764705882352941,249.0,255.0,0.02352941176470591
Qwen/Qwen3.5-35B-A3B,default,sslo_adaptive,paragraph,16.0,64,4096,0,3,256,True,,True,,,,,,,,,,0.28,sentence,115.69189169164747,111.61732316017151,281.5407223820686,116.9654457008941,113.15739662386477,284.6427355172951,43.28483944920913,43.927808945769804,45.630336212174676,115547.16476735848,111485.53322209045,281377.17881356366,192.63945528749343,160.4593312079087,590.0249732818822,0.13026210386306047,0.1229223208501935,0.14859589053317904,48.48192219679634,64.0,64.0,48.48192219679634,64.0,64.0,0.0,64.0,0.0,0.0,0.0,1282.4261203894393,1106.0785767622292,3757.534323129791,0.00017348059908633552,0.9882352941176471,252.0,255.0,0.0117647058823529
Qwen/Qwen3.5-35B-A3B,default,baseline,paragraph,32.0,64,4096,0,1,256,False,,,,,,,,,,,,,,115.25233780220151,117.93279147148132,271.84136618375777,116.77529720599523,119.80091606802307,272.70408441987814,43.56276780358755,44.174722909856705,45.39088656017052,115102.83306176461,117789.60358444601,271673.27686343336,188.95104378766658,155.9054888538085,599.7588598825872,1.4111080379052847,0.6742690061219037,9.846397810969492,,,,,,,,,0.0,0.0,0.0,1283.534220245136,1103.3529811538756,3820.427759140711,0.0015860894084473948,0.9765625,250.0,256.0,0.0234375
Qwen/Qwen3.5-35B-A3B,default,baseline,paragraph,32.0,64,4096,0,2,256,False,,,,,,,,,,,,,,121.86262968089432,126.53721809387207,286.2814508795738,123.37666689127218,127.88884278014302,287.8633303462295,43.40285835923109,44.189132350213804,45.18852269813025,121710.27830324238,126401.86618315056,286124.9954727711,186.0452199789695,153.96996322995983,594.2140020852996,1.9234573651889437,0.6750500802882016,16.696512397630144,,,,,,,,,0.0,0.0,0.0,1280.6322553131138,1089.9784741923213,3870.802591098472,0.0010858383815293177,0.96484375,247.0,256.0,0.03515625
Qwen/Qwen3.5-35B-A3B,default,baseline,paragraph,32.0,64,4096,0,3,256,False,,,,,,,,,,,,,,114.68068818282336,121.90151226520538,270.51771812438966,116.11346070902255,123.12398113147356,271.6698186865542,43.54846924112085,44.14989075774693,46.055962166310884,114529.00347754621,121759.87891340628,270344.28183420096,196.144492231295,162.97203487320803,621.1521052538646,10.520095776300877,4.551107299048454,26.506149397278204,,,,,,,,,0.0,0.0,0.0,1287.8305810299985,1111.2147481180727,3934.2468793271046,0.00017375188231205839,0.98828125,253.0,256.0,0.01171875
Qwen/Qwen3.5-35B-A3B,default,sslo,paragraph,32.0,64,4096,0,1,256,True,,,,,,,,,,,,0.28,sentence,115.38912143930793,109.4022980928421,277.2614869713783,116.92410609479339,111.30178187252022,278.7312445410527,43.53711139843611,44.003575196505615,45.83607723691756,115238.66050930519,109248.27299593017,277091.51148123195,191.56757437210103,160.34859281941317,593.8994432302518,1.4397967195448775,0.5694604041054845,7.661529977307659,49.2687074829932,64.0,64.0,49.2687074829932,64.0,64.0,0.0,64.0,0.0,0.0,0.0,1290.1781249697935,1112.0295270811766,3839.032375328237,0.0007066305499941114,0.98046875,251.0,256.0,0.01953125
Qwen/Qwen3.5-35B-A3B,default,sslo,paragraph,32.0,64,4096,0,2,256,True,,,,,,,,,,,,0.28,sentence,115.5682512242347,109.76433396339417,292.09070551395416,117.11182266986543,110.96237927139737,294.350276983995,43.72346794021706,44.31164158082279,46.935193230752716,115417.62809741704,109619.28846524097,291936.64881975856,187.61779293058459,156.94172273110598,584.1155895425942,1.957191878638696,1.105714671779424,6.768538900078273,50.049985879695,64.0,64.0,50.049985879695,64.0,64.0,0.0,64.0,0.0,0.0,0.0,1319.1763429977668,1120.639461092651,4290.316363293681,0.00046929078430222324,0.984375,252.0,256.0,0.015625
Qwen/Qwen3.5-35B-A3B,default,sslo,paragraph,32.0,64,4096,0,3,256,True,,,,,,,,,,,,0.28,sentence,110.28886131942272,107.5438061952591,278.8550065279007,111.66299610986243,108.79977596388198,279.51189723394344,42.99222389464856,43.540626255658275,45.26103158427272,110138.06571068744,107403.18297944032,278702.54989927635,190.3405661455079,158.37477227393538,607.8928689492299,4.7874529643915595,0.4968036008067429,17.92585799364373,50.4232580490149,64.0,64.0,50.4232580490149,64.0,64.0,0.0,64.0,0.0,0.0,0.0,1258.7605245528032,1088.5963351465762,3644.2524922918474,0.000288300755347979,0.98046875,251.0,256.0,0.01953125
Qwen/Qwen3.5-35B-A3B,default,sslo_adaptive,paragraph,32.0,64,4096,0,1,256,True,,True,,,,,,,,,,0.28,sentence,105.85174662806094,101.77295184135437,268.9006098389625,107.3469653695247,103.19097897945903,270.2742890187539,43.25144544034479,43.86639455076964,45.879132094278035,105703.33467097225,101630.99457952194,268747.02198733576,185.45413340272268,152.99456991115585,599.7411465776056,3.9964381680557772,0.7188341058790684,23.584952293410886,48.6385244343031,64.0,64.0,48.6385244343031,64.0,64.0,0.0,64.0,0.0,0.0,0.0,1274.5080054019513,1090.5724009498954,3992.6744802854623,0.00041808516992175836,0.98046875,251.0,256.0,0.01953125
Qwen/Qwen3.5-35B-A3B,default,sslo_adaptive,paragraph,32.0,64,4096,0,2,256,True,,True,,,,,,,,,,0.28,sentence,120.92428173311055,111.9553896188736,300.2655498385429,122.4282918851004,114.0774034964852,302.4724444258725,43.155223757086766,43.84905726670793,45.65983653688393,120774.8981273071,111820.00719173811,300090.61404652894,194.16033638890423,162.65100375795737,615.2821107170174,11.378282456565648,6.195045968983322,30.158615198303014,49.826455120777254,64.0,64.0,49.826455120777254,64.0,64.0,0.0,64.0,0.0,0.0,0.0,1262.3942468585458,1084.3503517098725,3666.7321254313033,0.0002700804839842273,0.98046875,251.0,256.0,0.01953125
Qwen/Qwen3.5-35B-A3B,default,sslo_adaptive,paragraph,32.0,64,4096,0,3,256,True,,True,,,,,,,,,,0.28,sentence,121.07152851391584,120.41671931743622,312.5436763525008,122.437296484346,121.5929051854182,313.7762068396899,43.32189245031329,43.99234706749719,45.1284922476183,120922.24520594209,120272.43873244151,312368.98915462656,195.46492606576842,164.21483083441854,607.3504619263296,0.6259649355197325,0.30391213460825384,1.7952270638849583,52.00961983165295,64.0,64.0,52.00961983165295,64.0,64.0,0.0,64.0,0.0,0.0,0.0,1269.0907054959453,1080.2662777714431,3961.8688561581057,0.00021421303486317142,0.984375,252.0,256.0,0.015625
Qwen/Qwen3.5-35B-A3B,default,baseline,paragraph,4.0,64,4096,0,1,256,False,,,,,,,,,,,,,,91.24461545050144,94.56265699863434,226.4942941069603,92.51196510796035,95.74061970901676,227.93352469492237,43.030720826671875,43.92101991728197,45.18452973920416,91104.62464741067,94424.38482749276,226314.23663089518,190.32115794054238,157.24335394008085,588.2171977904904,25.45295753935352,25.45295753935352,35.696903526391836,,,,,,,,,0.0,0.0,0.0,1280.9405037846277,1090.604279190302,4013.0333803221606,0.00011650259218267607,0.9921875,254.0,256.0,0.0078125
Qwen/Qwen3.5-35B-A3B,default,baseline,paragraph,4.0,64,4096,0,2,256,False,,,,,,,,,,,,,,88.96410914696753,81.4264703989029,231.45127209424973,90.41526999195048,82.80895690689795,233.00720296762884,43.31672461502588,44.08247733624027,45.92706557585242,88824.14058628456,81277.53898059018,231271.71596996486,185.50147155157913,152.0875289910473,603.6042270718793,1.1689414953327049,0.8543589124456048,3.3771080185007314,,,,,,,,,0.0,0.0,0.0,1297.663061927832,1109.181699808687,4138.094814456998,0.0014128631979851342,0.984375,252.0,256.0,0.015625
Qwen/Qwen3.5-35B-A3B,default,baseline,paragraph,4.0,64,4096,0,3,256,False,,,,,,,,,,,,,,90.10480616241693,87.7993471622467,223.33058913946152,91.83098187456638,89.293695256114,224.4446051705349,43.208486979032145,44.072113356770515,45.9034711138538,89967.16592345183,87664.0043000225,223165.66434062552,185.63671306666805,154.03290238417685,578.5786015681549,0.7458873616706114,0.6220811419188976,1.7280498615885154,,,,,,,,,0.0,0.0,0.0,1290.3962435913897,1109.683837974444,3864.6369118429698,0.00189978627404417,0.984313725490196,251.0,255.0,0.015686274509803977
Qwen/Qwen3.5-35B-A3B,default,sslo,paragraph,4.0,64,4096,0,1,256,True,,,,,,,,,,,,0.28,sentence,89.93147486634552,95.24992048740387,226.1207227706909,91.3530132628475,96.44299294031225,227.17737154098694,43.287907361887946,44.12486407037386,45.9250139276821,89793.63298801218,95120.86335429922,225969.8093408253,191.0398627702736,159.47593306936324,598.1104880041441,1.014840975520201,0.7972914669662714,2.2893500379286706,46.84788732394366,64.0,64.0,46.84788732394366,64.0,64.0,0.0,64.0,0.0,0.0,0.0,1300.436116080441,1116.4404656738043,3993.1695993058374,0.00023993761621978285,0.984251968503937,250.0,254.0,0.015748031496062964
Qwen/Qwen3.5-35B-A3B,default,sslo,paragraph,4.0,64,4096,0,2,256,True,,,,,,,,,,,,0.28,sentence,93.79475730098784,86.73261594772339,244.6423078536987,95.12323032855056,87.90276226005517,246.17940679730378,43.20704638215334,44.20168790898114,46.2388779841359,93655.27598898552,86589.81423056684,244485.40478160136,196.40671795909037,162.58356721280143,617.6144116138576,4.545290574338287,6.0346816149540246,9.253255942407996,46.882761692650334,64.0,64.0,46.882761692650334,64.0,64.0,0.0,64.0,0.0,0.0,0.0,1293.4690956765405,1115.6017682515085,3975.5782043095714,0.0002918685424084992,0.98046875,251.0,256.0,0.01953125
Qwen/Qwen3.5-35B-A3B,default,sslo,paragraph,4.0,64,4096,0,3,256,True,,,,,,,,,,,,0.28,sentence,87.84178966842592,88.45680618286133,216.03227924108498,88.80255237414949,89.14796795533039,219.24872133870144,43.366619185976774,44.404557561313126,46.46586887761516,87705.27341101115,88317.70048802719,215895.54426071694,188.686332737778,155.8802790348418,579.6552426260149,3.0400516455993056,2.7041070943232626,6.6433821864333,49.19471854149046,64.0,64.0,49.19471854149046,64.0,64.0,0.0,64.0,0.0,0.0,0.0,1292.559667697283,1106.119206175208,3905.184740535914,0.00023494860499265785,0.9881889763779528,251.0,254.0,0.011811023622047223
Qwen/Qwen3.5-35B-A3B,default,sslo_adaptive,paragraph,4.0,64,4096,0,1,256,True,,True,,,,,,,,,,0.28,sentence,91.88041335623711,93.97721409797668,221.14483810663222,93.28862723745078,95.49141639494337,223.1479102572892,43.193626112892595,44.2178153134658,45.39378161052089,91742.28526294428,93842.54610864446,220974.73683888093,190.66397173151398,159.88127855816856,615.2661741283908,5.9999513800721616,5.047979791648686,14.044287512172014,48.70331113403996,64.0,64.0,48.70331113403996,64.0,64.0,0.0,64.0,0.0,0.0,0.0,1294.2019638173185,1102.3559588938951,3863.6637283861633,0.00035746201966041106,0.9765625,250.0,256.0,0.0234375
Qwen/Qwen3.5-35B-A3B,default,sslo_adaptive,paragraph,4.0,64,4096,0,2,256,True,,True,,,,,,,,,,0.28,sentence,97.8979860143736,96.41009640693665,230.95827378034588,99.33700262403545,98.14079188997857,232.2506225667195,43.01622608210304,44.005012725052175,45.146575993456565,97760.77386662837,96266.63763052784,230821.7709086369,195.95519348145132,162.58899960084818,603.4457689030277,1.391178497268508,1.5061425450257957,2.08655964165926,48.39469835466179,64.0,64.0,48.39469835466179,64.0,64.0,0.0,64.0,0.0,0.0,0.0,1284.4479703274408,1104.6267319470644,3869.4773258687887,0.00017411491584445735,0.98828125,253.0,256.0,0.01171875
Qwen/Qwen3.5-35B-A3B,default,sslo_adaptive,paragraph,4.0,64,4096,0,3,256,True,,True,,,,,,,,,,0.28,sentence,90.33955135848373,85.47247958183289,219.81925698518754,90.9046577555659,86.69687451329082,220.80930231838488,43.08330034764594,44.19638638141192,46.02576933834137,90200.88356382985,85346.65838535875,219657.7938735485,182.7403963578999,151.99924140097573,586.0057847969607,1.110337614780292,1.110337614780292,2.0723802512465044,47.68100291107146,64.0,64.0,47.68100291107146,64.0,64.0,0.0,64.0,0.0,0.0,0.0,1293.9370285468128,1097.1032683737576,4015.4196243081246,0.00012189176011701609,0.9921259842519685,252.0,254.0,0.007874015748031482
Qwen/Qwen3.5-35B-A3B,default,baseline,sentence,0.0,128,4096,0,1,256,False,,,,,,,,,,,,,,41.89806874934584,3.3599377870559692,152.9697728395462,43.980059359304505,6.981946935178712,153.9619911318179,57.09820844732845,57.972652956158534,61.047132300393244,41629.17040172215,3110.522930510342,152743.54192151222,161.6022571707881,132.89429307100363,549.585287335725,1.7541481733011703,0.9539158721454442,3.738066168921068,,,,,,,,,0.0,0.0,0.0,1702.9279306213436,1446.067189797759,5437.8652344690945,0.00017486593611564468,0.98828125,253.0,256.0,0.01171875
Qwen/Qwen3.5-35B-A3B,default,baseline,sentence,0.0,128,4096,0,2,256,False,,,,,,,,,,,,,,41.883821016177535,3.3489320278167725,152.93829988241194,43.96321471913507,6.971331786597148,153.9313978124177,57.09360299186279,57.98254395352623,61.04109187434243,41615.89455901594,3100.346287712455,152712.90827295743,161.60379259476272,132.89661079016514,549.5660171868283,1.7531874833318095,0.9527876619249582,3.736225911974907,,,,,,,,,0.0,0.0,0.0,1702.96951977236,1445.6029650755227,5437.778546731017,0.00017486593611564468,0.98828125,253.0,256.0,0.01171875
Qwen/Qwen3.5-35B-A3B,default,baseline,sentence,0.0,128,4096,0,3,256,False,,,,,,,,,,,,,,41.86836539581418,3.3651870489120483,152.85017735958098,43.94225699137678,6.979268577881157,153.838794060098,57.05689995163302,57.95248208214686,61.00951621317588,41593.01772247454,3109.127943404019,152620.45710950624,161.66129962051818,132.9438820395153,549.717983837589,1.7495167857656877,0.951163241174072,3.7319653710909186,,,,,,,,,0.0,0.0,0.0,1701.7653583801716,1444.7262245230377,5435.326340328929,0.00017486593611564468,0.98828125,253.0,256.0,0.01171875
Qwen/Qwen3.5-35B-A3B,default,sslo,sentence,0.0,128,4096,0,1,256,True,,,,,,,,,,,,0.28,sentence,41.86313819233328,3.356211543083191,152.85177564620972,43.94233021196487,6.977569697191939,153.8440945533104,57.06782822799927,57.95886415988993,61.0093636916587,41595.709682769666,3108.8570829015225,152628.60848451965,161.64274427572445,132.92339015658945,549.6240161581201,1.7505818360174696,0.9519152962602675,3.7329139063786716,79.93901708121066,95.5,128.0,79.93901708121066,95.5,128.0,0.0,128.0,0.0,0.0,0.0,1702.296092865459,1445.0463000684977,5437.193255196351,0.00017486593611564468,0.98828125,253.0,256.0,0.01171875
Qwen/Qwen3.5-35B-A3B,default,sslo,sentence,0.0,128,4096,0,2,256,True,,,,,,,,,,,,0.28,sentence,41.864231179468334,3.3563836812973022,152.8477966785431,43.93951636314159,6.97434654366225,153.83536423682236,57.06577767460131,57.95606998942607,61.00565509639778,41593.82127732533,3105.6108486372977,152620.34238048363,161.6469984539796,132.93171202368103,549.6367744794817,1.7505698565704126,0.9516240460798144,3.734091024538502,79.93901708121066,95.5,128.0,79.93901708121066,95.5,128.0,0.0,128.0,0.0,0.0,0.0,1702.198997363207,1444.728524889797,5436.74010634425,0.00017486593611564468,0.98828125,253.0,256.0,0.01171875
Qwen/Qwen3.5-35B-A3B,default,sslo,sentence,0.0,128,4096,0,3,256,True,,,,,,,,,,,,0.28,sentence,41.85314867924899,3.3444926738739014,152.83153196573258,43.927571209789676,6.963220124831423,153.8209684095811,57.06095318125766,57.94844756521875,61.0043192398583,41584.85602766086,3095.728315412998,152606.04817287528,161.64982823146022,132.93731576716527,549.6437528640732,1.7508496631247301,0.9510051473043859,3.73467854575254,79.93901708121066,95.5,128.0,79.93901708121066,95.5,128.0,0.0,128.0,0.0,0.0,0.0,1702.1387170624423,1444.7700974997133,5435.347425541869,0.00017486593611564468,0.98828125,253.0,256.0,0.01171875
Qwen/Qwen3.5-35B-A3B,default,sslo_adaptive,sentence,0.0,128,4096,0,1,256,True,,True,,,,,,,,,,0.28,sentence,41.870085913687944,3.3570958375930786,152.8738461971283,43.948799869907816,6.976917891995981,153.86493936234618,57.071486850808064,57.9569809185568,61.017589274558134,41601.83416557629,3108.759057940915,152649.39543956425,161.63936209863658,132.9294290675316,549.6253762295938,1.7508014094394941,0.9518151013180614,3.7339472293667493,79.93901708121066,95.5,128.0,79.93901708121066,95.5,128.0,0.0,128.0,0.0,0.0,0.0,1702.3169010893137,1445.0331565458328,5436.128882458461,0.00017486593611564468,0.98828125,253.0,256.0,0.01171875
Qwen/Qwen3.5-35B-A3B,default,sslo_adaptive,sentence,0.0,128,4096,0,2,256,True,,True,,,,,,,,,,0.28,sentence,41.86015274934471,3.357675552368164,152.83706538677214,43.9382625723556,6.975286622066051,153.828299447475,57.05831919382999,57.948541041197124,61.00361149338996,41591.532945163635,3108.8061188347638,152612.71313847974,161.65817841511748,132.95219141291454,549.6715752024672,1.748146458528936,0.9486942682415247,3.7282901255693286,79.93901708121066,95.5,128.0,79.93901708121066,95.5,128.0,0.0,128.0,0.0,0.0,0.0,1701.9559773567637,1444.6118662599474,5433.764723292579,0.00017486593611564468,0.98828125,253.0,256.0,0.01171875
Qwen/Qwen3.5-35B-A3B,default,sslo_adaptive,sentence,0.0,128,4096,0,3,256,True,,True,,,,,,,,,,0.28,sentence,41.85617610439658,3.3468503952026367,152.83801823854446,43.93384362607503,6.967383488547057,153.83092979944777,57.06202378022727,57.95073266944602,61.004881326401566,41589.83579416599,3100.2593976445496,152615.85470929276,161.7135289963298,132.96395542589016,549.6351928292631,1.749742802232504,0.9506693561561406,3.731875774860382,79.93901708121066,95.5,128.0,79.93901708121066,95.5,128.0,0.0,128.0,0.0,0.0,0.0,1701.5097225421082,1444.8435145895928,5412.419199277643,0.00017480480130520917,0.98828125,253.0,256.0,0.01171875
Qwen/Qwen3.5-35B-A3B,default,baseline,sentence,16.0,128,4096,0,1,256,False,,,,,,,,,,,,,,39.698806933127344,0.3183577060699463,149.53309208154678,41.889337625347224,4.438335485756397,152.00273998213,57.015172405580074,58.21057626227162,64.2052994546345,39504.20175367435,74.29944002069533,149285.96662692726,169.06260788437896,139.64911528397352,550.7395564874448,14.005564035984742,1.1159786176867783,168.5041262328997,,,,,,,,,0.0,0.0,0.0,1686.8845140200358,1441.0471869632602,5266.020195409658,0.0009845369780506169,0.9333333333333333,238.0,255.0,0.06666666666666665
Qwen/Qwen3.5-35B-A3B,default,baseline,sentence,16.0,128,4096,0,2,256,False,,,,,,,,,,,,,,37.948314644396305,0.35188817977905273,145.4578575015068,40.02852225154675,5.578666803427041,147.2311246376252,57.82739889144979,59.186812804711955,66.86803709617118,37748.348772080135,0.2924022264778614,145221.40947680452,168.67094935510374,138.76767867291346,554.8111371244311,5.2639223510542745,2.109933079686016,26.624112566560495,,,,,,,,,0.0,0.0,0.0,1714.5095919258065,1450.8971041068435,5415.585723361009,0.000771650739003977,0.94921875,243.0,256.0,0.05078125
Qwen/Qwen3.5-35B-A3B,default,baseline,sentence,16.0,128,4096,0,3,256,False,,,,,,,,,,,,,,39.75455374736339,0.3040006160736084,149.23171623945237,41.84294475840397,5.284279877785593,150.64802746528295,57.17432163739197,58.59600712602847,70.25544959798698,39556.607845608596,0.22518495097756386,148991.11525795888,171.06417817770796,140.98699963698164,544.9305009993072,1.0213906030219637,0.682282323949039,3.784592951787636,,,,,,,,,0.0,0.0,0.0,1650.0206806479182,1410.9782073646784,5192.063161679527,0.0010725979451281472,0.94921875,243.0,256.0,0.05078125
Qwen/Qwen3.5-35B-A3B,default,sslo,sentence,16.0,128,4096,0,1,256,True,,,,,,,,,,,,0.28,sentence,38.72986212745309,0.31831443309783936,141.6914004087448,40.73521151033856,4.739156839437783,143.28376612369902,57.15095372518262,58.563288027106516,65.42513113689745,38534.8075424281,35.318294307217,141463.63998970482,168.02639384700967,139.59175938228145,549.1712803752209,2.6913414169102907,1.588223930913955,14.818605765141534,79.36389011311884,94.0,128.0,79.36389011311884,94.0,128.0,0.0,128.0,0.0,0.0,0.0,1634.3536898368545,1402.16027921997,4989.0767346602,0.0007252845347020755,0.94921875,243.0,256.0,0.05078125
Qwen/Qwen3.5-35B-A3B,default,sslo,sentence,16.0,128,4096,0,2,256,True,,,,,,,,,,,,0.28,sentence,42.61344385333359,0.330721378326416,146.33865773677823,44.854307260651,6.521262750029564,147.92363188499584,56.152990545141904,56.50034910301395,67.93905699761241,42402.1744518559,41.3561116438359,146132.28858634827,169.6806336574132,140.76444186922163,562.3383037316801,1.490210070926696,1.208949379157275,4.895015091933305,76.93085258055318,89.0,128.0,76.93085258055318,89.0,128.0,0.0,128.0,0.0,0.0,0.0,1609.6848696754446,1377.9362118802965,4913.760513737803,0.0014113927623779145,0.9686274509803922,247.0,255.0,0.03137254901960784
Qwen/Qwen3.5-35B-A3B,default,sslo,sentence,16.0,128,4096,0,3,256,True,,,,,,,,,,,,0.28,sentence,38.263616709038615,0.31350207328796387,145.73251818418504,40.00621328529738,5.175398018211126,147.7653034863062,56.82887693889341,57.421223561446915,72.685422008948,38066.98971750484,0.05610496737062931,145473.4409184428,178.25603052532762,145.6202568630688,583.7561464056832,1.112221291857875,1.0689926240593195,2.8555658780504007,79.16790555312636,95.0,128.0,79.16790555312636,95.0,128.0,0.0,128.0,0.0,0.0,0.0,1632.3322425125982,1402.4533724877983,5141.454006265845,0.0015045135406218655,0.9450980392156862,241.0,255.0,0.05490196078431375
Qwen/Qwen3.5-35B-A3B,default,sslo_adaptive,sentence,16.0,128,4096,0,1,256,True,,True,,,,,,,,,,0.28,sentence,39.24644905235618,0.3411909341812134,152.88360306024552,41.12178844137634,5.205102249979973,154.3743699588813,57.51494999745284,58.759541621430714,66.05100322564218,39052.23265294262,89.51111091300845,152637.76477575302,171.14847078439786,140.22472902201116,568.2741662487388,3.5095716348356185,1.7073807790875435,16.87299429886043,80.03483371559633,105.5,128.0,80.03483371559633,105.5,128.0,0.0,128.0,0.0,0.0,0.0,1651.5181577373169,1424.0643922239542,4999.246186343953,0.0009114792772505495,0.93359375,239.0,256.0,0.06640625
Qwen/Qwen3.5-35B-A3B,default,sslo_adaptive,sentence,16.0,128,4096,0,2,256,True,,True,,,,,,,,,,0.28,sentence,38.606540772132576,0.35005390644073486,147.49074590206146,40.614140128793224,5.615047266939655,149.09458242233376,57.63448564951251,59.05016164474539,69.42568239139611,38409.20199681386,0.046629924327135086,147255.63390492462,167.35987482968008,138.7801887714304,545.2681433205728,3.029252527239309,1.0821852590888739,20.60111863017083,77.91671571512654,92.0,128.0,77.91671571512654,92.0,128.0,0.0,128.0,0.0,0.0,0.0,1695.3059273138936,1449.5746565517038,5418.362010181898,0.0006431996257747632,0.95703125,245.0,256.0,0.04296875
Qwen/Qwen3.5-35B-A3B,default,sslo_adaptive,sentence,16.0,128,4096,0,3,256,True,,True,,,,,,,,,,0.28,sentence,40.672533680684865,0.5287548303604126,163.4876940727234,42.92634422286395,5.798443946056068,165.8823164868355,55.784529760333655,57.1830806917893,72.21454811841251,40467.94487683837,248.2520721387118,163213.08965734206,175.87620396638144,143.92140017380007,576.5686093224208,6.186891681228119,1.0324107627384365,58.77670563427725,72.18921161825726,87.0,128.0,72.18921161825726,87.0,128.0,0.0,128.0,0.0,0.0,0.0,1586.5171790005136,1363.5180131532252,4769.102415977968,0.0007559897650616423,0.9490196078431372,242.0,255.0,0.050980392156862786
Qwen/Qwen3.5-35B-A3B,default,baseline,sentence,32.0,128,4096,0,1,256,False,,,,,,,,,,,,,,36.34794408548623,0.33217358589172363,141.9288137078285,38.47159423007204,5.134244047105312,143.92249794103205,57.58022778055404,59.01868312900756,65.92431995185713,36145.74036682643,77.98047992400825,141699.70292325594,167.79770887506086,140.21214603306726,528.9263795404131,3.95563744060928,2.509750740835443,12.441876087295821,,,,,,,,,0.0,0.0,0.0,1661.0304845682394,1435.052481945604,5061.7567373625925,0.0004732327713694173,0.968503937007874,246.0,254.0,0.03149606299212604
Qwen/Qwen3.5-35B-A3B,default,baseline,sentence,32.0,128,4096,0,2,256,False,,,,,,,,,,,,,,38.36985222250223,1.1738477945327759,138.9333421826362,40.44404304994714,6.686324630631134,140.38622516235333,56.7022521110449,58.17456922658183,62.101500714251074,38158.9152144461,943.7031538691372,138694.2889190744,169.97983813982086,138.35881595034152,571.5234934725147,1.3569115055885552,1.1184100755490363,5.326936201583592,,,,,,,,,0.0,0.0,0.0,1639.0026087675265,1410.3700290434062,5043.332330873237,0.001689287586648803,0.9375,240.0,256.0,0.0625
Qwen/Qwen3.5-35B-A3B,default,baseline,sentence,32.0,128,4096,0,3,256,False,,,,,,,,,,,,,,36.79419834725559,0.3921370506286621,147.98489685058593,38.9201422166243,5.658440219704062,149.26677715457043,57.466677107902115,58.65967829798384,62.32207852465345,36585.82565247525,116.81354348547757,147724.1315951338,170.55101966877285,139.56389133050106,575.4314850854506,1.708408325845893,0.6842652049381286,19.16243994429239,,,,,,,,,0.0,0.0,0.0,1654.0925544634274,1428.9190920535475,5006.2819988979445,0.0020644569331345337,0.95703125,245.0,256.0,0.04296875
Qwen/Qwen3.5-35B-A3B,default,sslo,sentence,32.0,128,4096,0,1,256,True,,,,,,,,,,,,0.28,sentence,37.74691113270819,0.33503246307373047,145.90470191240308,39.58574041345102,5.433484339620918,147.0104870316945,57.63708494674799,58.862421211806385,66.94920648255982,37542.7712878045,76.53278694488108,145663.760098163,165.64250386038984,139.71336694131605,545.438576525026,0.9427069474688985,0.4100996651686728,3.045832513691858,78.0157886970636,92.0,128.0,78.0157886970636,92.0,128.0,0.0,128.0,0.0,0.0,0.0,1665.8954156345474,1449.6050404850394,5010.315214041617,0.0006328385686342193,0.9568627450980393,244.0,255.0,0.04313725490196074
Qwen/Qwen3.5-35B-A3B,default,sslo,sentence,32.0,128,4096,0,2,256,True,,,,,,,,,,,,0.28,sentence,39.71554896607995,1.0769721269607544,145.28134591579433,41.85806678277186,7.098367930855602,148.03806706033646,57.233058422027696,58.127304170395384,65.92960443939889,39505.521832372324,844.9014315847307,144986.81148726025,170.42354103639943,141.48919428279623,573.8900148344214,0.9409760694252327,0.8888801606371999,1.9786597719788552,80.68194842406876,94.0,128.0,80.68194842406876,94.0,128.0,0.0,128.0,0.0,0.0,0.0,1669.657833108828,1443.9514707773924,4971.084409095339,0.0006867738797001088,0.953125,244.0,256.0,0.046875
Qwen/Qwen3.5-35B-A3B,default,sslo,sentence,32.0,128,4096,0,3,256,True,,,,,,,,,,,,0.28,sentence,54.83007162529975,0.9515774250030518,242.2510132908821,56.78681056897403,7.199872867902741,244.31164987660014,52.799042911275535,56.842484629172226,61.120115597564286,54622.09915234962,695.6097444053739,242081.4065443352,176.21501139011178,139.93511077808216,601.4938436676748,13.847250728619596,0.7361300070770085,119.9304446324426,57.21598153440316,33.0,128.0,57.21598153440316,33.0,128.0,0.0,128.0,0.0,0.0,0.0,1555.5224826120832,1313.4235739707947,5027.622621972114,0.0009035600265044274,0.94140625,241.0,256.0,0.05859375
Qwen/Qwen3.5-35B-A3B,default,sslo_adaptive,sentence,32.0,128,4096,0,1,256,True,,True,,,,,,,,,,0.28,sentence,41.49563376698643,0.35211026668548584,150.53263192176814,43.58864238556089,5.468575012404472,152.9465669843135,57.01104256496066,58.401084050267,63.02064415834152,41288.86064164362,114.51493250206113,150295.40429937182,172.4915012514128,142.8050344637595,574.1162225080279,4.521889559148501,0.8498384896665812,24.134958024136715,79.090095377843,90.0,128.0,79.090095377843,90.0,128.0,0.0,128.0,0.0,0.0,0.0,1638.8456917590279,1402.7556222863495,5129.909731280032,0.000840665807319397,0.9453125,242.0,256.0,0.0546875
Qwen/Qwen3.5-35B-A3B,default,sslo_adaptive,sentence,32.0,128,4096,0,2,256,True,,True,,,,,,,,,,0.28,sentence,37.787139429710805,2.6743297576904297,132.55465681552886,40.0581036505464,6.810197924962267,134.46409524248446,56.1221620053162,57.39217651326295,61.50241366927543,37575.231934763,2439.1360259614885,132351.89456886143,168.7829571647831,132.6583537091501,562.0337849685735,1.4351045291405171,0.7316682960372418,7.915719997882841,76.90316175347488,81.0,128.0,76.90316175347488,81.0,128.0,0.0,128.0,0.0,0.0,0.0,1624.3380200165166,1406.569256912917,4956.155729084253,0.000976324139614352,0.95703125,245.0,256.0,0.04296875
Qwen/Qwen3.5-35B-A3B,default,sslo_adaptive,sentence,32.0,128,4096,0,3,256,True,,True,,,,,,,,,,0.28,sentence,49.47105964273214,0.4099842309951782,155.3847830057144,51.50126834437833,5.857990182004869,157.22123970256652,55.45170984764658,55.90293509440617,62.851523033095866,49244.64530498699,65.36699342541397,155162.60346658528,173.79442725189412,144.0748156462796,564.0001532045475,1.7561794666167445,0.6917947260662913,22.260664262315203,76.10998990918264,87.0,128.0,76.11503531786074,87.0,128.0,0.0,128.0,0.0,0.0,0.0,1587.5171512490865,1376.0657235980034,4727.387300496947,0.0022482273591975556,0.94140625,241.0,256.0,0.05859375
Qwen/Qwen3.5-35B-A3B,default,baseline,sentence,4.0,128,4096,0,1,256,False,,,,,,,,,,,,,,21.114301174879074,0.23142433166503906,93.58674216270447,23.02993443352716,2.8681236510165036,95.12526776206214,55.64743166493564,57.34530376348418,61.17637836807777,20934.858970853384,0.01156446523964405,93371.3057255838,169.7836441934492,137.75428586592898,563.0725490186924,2.0062940756461636,0.8408533863257617,19.30617016389967,,,,,,,,,0.0,0.0,0.0,1680.2672811118973,1424.16233709082,5265.578293688598,0.002091406778618441,0.96875,248.0,256.0,0.03125
Qwen/Qwen3.5-35B-A3B,default,baseline,sentence,4.0,128,4096,0,2,256,False,,,,,,,,,,,,,,30.355897339060903,0.23807179927825928,119.08333572149276,32.191380652438966,3.6324556339532137,121.25053542777896,56.3068707843441,58.3285569473822,61.78919071593,30171.061310074947,0.014859950169920921,118834.01553721631,167.7295443899258,138.6804033862427,541.086451712363,6.152997530205175,3.1473469650372863,18.74865534344688,,,,,,,,,0.0,0.0,0.0,1629.3270391159406,1397.9259743355215,5066.598393805337,0.0005551546105590407,0.9609375,246.0,256.0,0.0390625
Qwen/Qwen3.5-35B-A3B,default,baseline,sentence,4.0,128,4096,0,3,256,False,,,,,,,,,,,,,,22.003001540899277,0.21049118041992188,98.60186574459075,23.863876831039306,2.899517191806808,100.52060877522453,56.01387956099812,58.400676702078194,61.14963079856502,21822.905406757855,0.015835044905543327,98399.94339752011,167.62157746338175,138.14869578788057,535.6818161550631,3.029370935851087,1.578910703305155,10.821566886976361,,,,,,,,,0.0,0.0,0.0,1713.5686444950436,1456.2387182377279,5262.872885474936,0.0009142439202779302,0.94921875,243.0,256.0,0.05078125
Qwen/Qwen3.5-35B-A3B,default,sslo,sentence,4.0,128,4096,0,1,256,True,,,,,,,,,,,,0.28,sentence,26.52004962321371,0.24921762943267822,108.07571531534194,28.27072979687182,3.098056855145842,109.68838354665785,55.92795904917822,57.52842261194673,61.94771246119936,26335.00412817375,0.017314450815320015,107784.83892281074,168.11974887862524,139.85967828612775,548.7220789299579,6.5623235785003216,2.107677463442087,27.067883832836515,72.22554835149676,75.0,128.0,72.22554835149676,75.0,128.0,0.0,128.0,0.0,0.0,0.0,1631.2359620222278,1395.031376508996,4954.568148390361,0.0004042037186742118,0.97265625,249.0,256.0,0.02734375
Qwen/Qwen3.5-35B-A3B,default,sslo,sentence,4.0,128,4096,0,2,256,True,,,,,,,,,,,,0.28,sentence,40.67658072151244,0.2329005002975464,177.2881148338318,42.42268059003982,2.9553912265691906,179.4471088175429,52.2606111121657,55.20685327161992,60.175006962338266,40486.4873585193,0.016980106011033058,177034.26739575807,166.26365676492972,129.8849453323055,589.463655639375,11.56458441579404,1.4289145795628428,98.99290244897367,56.41919016127161,47.0,128.0,56.41919016127161,47.0,128.0,0.0,128.0,0.0,0.0,0.0,1528.040124997071,1274.987974902615,5030.409433250316,0.0007639419404125286,0.953125,244.0,256.0,0.046875
Qwen/Qwen3.5-35B-A3B,default,sslo,sentence,4.0,128,4096,0,3,256,True,,,,,,,,,,,,0.28,sentence,23.096441245637834,0.21550190448760986,99.02870671749115,24.847125334596058,2.5616191544104367,102.55745019873136,55.754952419701986,57.71286142995983,61.04533116131554,22916.438238366027,0.014920253306627274,98808.03384294268,173.9280067339456,138.3572623557411,585.5644150905039,13.986181178654078,0.3219302920624614,101.26571657469027,75.00098231827111,82.0,128.0,75.00098231827111,82.0,128.0,0.0,128.0,0.0,0.0,0.0,1642.0347304153813,1402.2116800770164,4993.806719044238,0.00045643863753066697,0.96875,248.0,256.0,0.03125
Qwen/Qwen3.5-35B-A3B,default,sslo_adaptive,sentence,4.0,128,4096,0,1,256,True,,True,,,,,,,,,,0.28,sentence,24.098228305578232,0.24541985988616943,97.04073758125305,25.80678300080217,2.737270716810599,98.34301923234015,55.46460444070087,57.4965020327122,61.98763037911793,23917.990930522137,0.009180046617984772,96823.91259074211,161.43906716484398,129.75392928393558,541.0486290045502,6.481016014993656,0.5893479604274035,24.439220113181506,70.4220350877193,70.0,128.0,70.4220350877193,70.0,128.0,0.0,128.0,0.0,0.0,0.0,1656.900917302832,1419.5817476138473,5172.190790059996,0.0004923682914820286,0.96875,248.0,256.0,0.03125
Qwen/Qwen3.5-35B-A3B,default,sslo_adaptive,sentence,4.0,128,4096,0,2,256,True,,True,,,,,,,,,,0.28,sentence,25.221549021080136,1.3368827104568481,113.56559391021729,27.01149373717635,3.717933151172474,115.30531296641566,55.699435276885865,57.50301796697041,62.276549435836095,25035.653025501233,1085.1754364557564,113306.10752510838,178.4099455139357,147.0695409202017,561.1692621727321,1.1457737044120828,0.8034044723026454,3.4846757603902363,75.07309982001938,83.0,128.0,75.07309982001938,83.0,128.0,0.0,128.0,0.0,0.0,0.0,1635.8053890175102,1414.6579385269433,4914.815451139569,0.0008364001338240214,0.95703125,245.0,256.0,0.04296875
Qwen/Qwen3.5-35B-A3B,default,sslo_adaptive,sentence,4.0,128,4096,0,3,256,True,,True,,,,,,,,,,0.28,sentence,22.92600078228861,0.21017980575561523,98.87626217603682,24.777787640003226,3.5544543243013322,100.38229103782211,55.861365251636265,57.9032223040836,61.46612245613879,22747.914425384806,0.01643993891775608,98632.28147190528,168.89024356391417,136.93277965905145,560.2083301451057,0.6740575137548148,0.6066804039292037,1.4084073135629296,75.1503961516695,81.0,128.0,75.1503961516695,81.0,128.0,0.0,128.0,0.0,0.0,0.0,1625.826625158039,1399.1601769812405,4867.593301227316,0.00028488405219075834,0.98046875,251.0,256.0,0.01953125
Qwen/Qwen3.5-35B-A3B,default,baseline,sentence,0.0,16,4096,0,1,256,False,,,,,,,,,,,,,,349.8924597175792,353.22214615345,714.1798310041428,350.59949785221033,353.6376712464262,714.8301349419402,22.388149969881606,22.532443126262805,23.24805880300212,349738.89821889135,353080.7776574511,714049.013413256,222.54113092521442,187.5416451008059,667.2341884353026,0.14981740759685636,0.14981740759685636,0.14981740759685636,,,,,,,,,0.0,0.0,0.0,680.4769810807154,578.1374149955809,2141.287120860071,5.821738371077604e-05,0.99609375,255.0,256.0,0.00390625
Qwen/Qwen3.5-35B-A3B,default,baseline,sentence,0.0,16,4096,0,2,256,False,,,,,,,,,,,,,,349.39771755505353,352.74291837215424,713.0855496406555,350.10213966855736,353.1565349113662,713.7327230409253,22.354618428459972,22.48971186083026,23.218247643677284,349242.8032882872,352600.5517693702,712952.388926316,222.59220277675712,187.59881425788626,667.3079622019284,0.14841759903356433,0.14841759903356433,0.14841759903356433,,,,,,,,,0.0,0.0,0.0,679.4548401296869,577.3166688159108,2137.3093319311747,5.821738371077604e-05,0.99609375,255.0,256.0,0.00390625
Qwen/Qwen3.5-35B-A3B,default,baseline,sentence,0.0,16,4096,0,3,256,False,,,,,,,,,,,,,,349.81087257061154,353.13821041584015,714.0278221130371,350.5184061906202,353.5545297029894,714.6786723274738,22.384161497390064,22.523553817979188,23.242191754187143,349658.0123508666,352997.762019746,713897.9171429528,222.5485147258153,187.54571251105517,667.262014954017,0.1491818418726325,0.1491818418726325,0.1491818418726325,,,,,,,,,0.0,0.0,0.0,680.344587731908,578.0224478803575,2140.325724426658,5.821738371077604e-05,0.99609375,255.0,256.0,0.00390625
Qwen/Qwen3.5-35B-A3B,default,sslo,sentence,0.0,16,4096,0,1,256,True,,,,,,,,,,,,0.28,sentence,349.82720394525677,353.1531398296356,714.0658810615539,350.5342608304345,353.56917448923923,714.7162697460735,22.384984798854088,22.523862347387777,23.24218053720623,349674.43102767353,353012.7279588487,713935.9024297446,222.54624933809367,187.54184162104502,667.2563510433412,0.1496009537950158,0.1496009537950158,0.1496009537950158,14.908885036904495,16.0,16.0,14.908885036904495,16.0,16.0,0.0,16.0,0.0,0.0,0.0,680.3799885067701,578.1100317835808,2140.4825204052045,5.821738371077604e-05,0.99609375,255.0,256.0,0.00390625
Qwen/Qwen3.5-35B-A3B,default,sslo,sentence,0.0,16,4096,0,2,256,True,,,,,,,,,,,,0.28,sentence,349.88818449527025,353.2165307998657,714.1687919974327,350.5928870864245,353.6298104710877,714.816063944297,22.38829861613383,22.528304958324448,23.24162914349937,349732.89019790175,353073.5604194924,714035.8241512673,222.54156814667397,187.53929799608886,667.233401007933,0.14955664798617363,0.14955664798617363,0.14955664798617363,14.908885036904495,16.0,16.0,14.908885036904495,16.0,16.0,0.0,16.0,0.0,0.0,0.0,680.4709470726324,578.1152327544987,2141.0978041961803,5.821738371077604e-05,0.99609375,255.0,256.0,0.00390625
Qwen/Qwen3.5-35B-A3B,default,sslo,sentence,0.0,16,4096,0,3,256,True,,,,,,,,,,,,0.28,sentence,349.89583954401314,353.219379901886,714.1926714658737,350.60028607595086,353.632670060033,714.8398857933237,22.38916213961648,22.528346523722398,23.247379473933677,349740.25275294116,353076.0589041747,714059.5110716298,222.5402030246716,187.53949475800619,667.2306341230138,0.1502935690805316,0.1502935690805316,0.1502935690805316,14.908885036904495,16.0,16.0,14.908885036904495,16.0,16.0,0.0,16.0,0.0,0.0,0.0,680.4943104560197,578.1639833003283,2141.36990202591,5.821738371077604e-05,0.99609375,255.0,256.0,0.00390625
Qwen/Qwen3.5-35B-A3B,default,sslo_adaptive,sentence,0.0,16,4096,0,1,256,True,,True,,,,,,,,,,0.28,sentence,349.8661098163575,353.1920346021652,714.1324356794357,350.5724649260683,353.60703566740267,714.7806872191838,22.38711198435379,22.528099436656333,23.247400947987362,349712.59429089515,353050.70970300585,714000.545137981,222.54332423166832,187.54215663298965,667.2407678103833,0.14972936687991023,0.14972936687991023,0.14972936687991023,14.908885036904495,16.0,16.0,14.908885036904495,16.0,16.0,0.0,16.0,0.0,0.0,0.0,680.4370863408475,578.0905289575458,2141.402343474329,5.821738371077604e-05,0.99609375,255.0,256.0,0.00390625
Qwen/Qwen3.5-35B-A3B,default,sslo_adaptive,sentence,0.0,16,4096,0,2,256,True,,True,,,,,,,,,,0.28,sentence,349.8203273303807,353.1484956741333,714.0271971583367,350.520992844602,353.55835861503147,714.6736612822394,22.38374327930672,22.524161540673745,23.243385621340355,349661.12536844413,353002.27343058214,713893.0089638103,222.5484216975702,187.54634499317035,667.2524016901492,0.1491582547314465,0.1491582547314465,0.1491582547314465,14.908885036904495,16.0,16.0,14.908885036904495,16.0,16.0,0.0,16.0,0.0,0.0,0.0,680.3346150255697,578.0482096597552,2140.095056034627,5.821738371077604e-05,0.99609375,255.0,256.0,0.00390625
Qwen/Qwen3.5-35B-A3B,default,sslo_adaptive,sentence,0.0,16,4096,0,3,256,True,,True,,,,,,,,,,0.28,sentence,349.85089087486267,353.17671608924866,714.1010429978371,350.55687402642434,353.59155186335556,714.750496645947,22.386294708679728,22.52886721579746,23.246435890309893,349696.93375737185,353035.1242793258,713969.9595120968,222.54490924602229,187.54510532459244,667.244185166677,0.15024178195744753,0.15024178195744753,0.15024178195744753,14.908885036904495,16.0,16.0,14.908885036904495,16.0,16.0,0.0,16.0,0.0,0.0,0.0,680.406132532546,578.0574530363083,2140.4187915846724,5.821738371077604e-05,0.99609375,255.0,256.0,0.00390625
Qwen/Qwen3.5-35B-A3B,default,baseline,sentence,16.0,16,4096,0,1,256,False,,,,,,,,,,,,,,284.9130568038672,279.1216073036194,612.5820693612097,285.66113869393666,279.67583361198194,614.2237094900337,22.50344153272106,22.55880434404648,23.332617269188702,284834.2116721342,279059.626379516,612487.0461569865,214.77137103499857,175.96113545726985,696.4861472729131,0.4204615531851434,0.3781516207382083,1.4580278377979994,,,,,,,,,0.0,0.0,0.0,682.3729523144639,581.467003095895,2107.1450066845878,0.005815831987075929,0.98828125,253.0,256.0,0.01171875
Qwen/Qwen3.5-35B-A3B,default,baseline,sentence,16.0,16,4096,0,2,256,False,,,,,,,,,,,,,,350.3205613065511,341.6779637336731,725.9337077140807,351.06328215475514,342.42297930317,727.0300767870851,22.288945609927325,22.399510703006236,22.97008908044378,350240.1554586941,341610.32168450765,725828.2986600649,223.50295208872282,191.22882121196017,646.1472704232486,,,,,,,,,,,,0.0,0.0,0.0,669.8751029694329,574.3709150701761,1936.616991516204,0.0,1.0,256.0,256.0,0.0
Qwen/Qwen3.5-35B-A3B,default,baseline,sentence,16.0,16,4096,0,3,256,False,,,,,,,,,,,,,,318.6485687196255,311.6144608259201,681.9705677628517,318.6084686246573,311.679359131027,682.860424125027,22.410015534497067,22.59589137852696,23.0684610493943,318567.7033638076,311551.98262725025,681876.8751800759,213.73170739292485,177.78153152484447,678.3107749459332,0.061129032634198666,0.061129032634198666,0.1121792824473232,,,,,,,,,0.0,0.0,0.0,675.1226006086549,577.2116449661553,2036.1382493190456,0.00011783420727037058,0.996078431372549,254.0,255.0,0.0039215686274509665
Qwen/Qwen3.5-35B-A3B,default,sslo,sentence,16.0,16,4096,0,1,256,True,,,,,,,,,,,,0.28,sentence,288.7583111654967,279.0760110616684,631.7939440011978,289.5064788191776,279.61882941867225,632.6023708456894,22.42140623683829,22.44487599246952,23.263534153976867,288679.53337778634,279003.12379491515,631697.9160711867,215.87246808689358,176.33607318531722,703.8153271734019,0.5107657057898385,0.49262688774615526,1.582854535244406,14.693116547637137,16.0,16.0,14.693116547637137,16.0,16.0,0.0,16.0,0.0,0.0,0.0,674.9567426654012,575.5979614332318,2017.0570106711243,0.0013362178671417664,0.9921875,254.0,256.0,0.0078125
Qwen/Qwen3.5-35B-A3B,default,sslo,sentence,16.0,16,4096,0,2,256,True,,,,,,,,,,,,0.28,sentence,340.31286014802754,349.85879719257355,695.8635238647461,341.0288729323238,350.51974865910597,696.5122930727433,22.31125570866657,22.44830760876066,23.041804749491316,340232.9237223439,349798.6659151502,695765.023740544,219.4477351968755,181.7523952438496,671.8425821115263,,,,14.72399866302713,16.0,16.0,14.72399866302713,16.0,16.0,0.0,16.0,0.0,0.0,0.0,669.4584020885727,572.6411039941013,2073.7948362715597,0.0,1.0,256.0,256.0,0.0
Qwen/Qwen3.5-35B-A3B,default,sslo,sentence,16.0,16,4096,0,3,256,True,,,,,,,,,,,,0.28,sentence,314.6702904170379,317.1597363948822,665.651777112484,315.45088900817973,317.5481821137946,666.1928185982862,22.283813340704555,22.29065746866911,23.132230065591333,314590.47077370086,317096.10894159414,665555.1558923675,220.6458751130333,185.42660175659694,659.9621279479795,,,,14.579167742120509,16.0,16.0,14.579167742120509,16.0,16.0,0.0,16.0,0.0,0.0,0.0,675.7217398643185,577.7749777771533,2072.0545161282635,0.0,1.0,256.0,256.0,0.0
Qwen/Qwen3.5-35B-A3B,default,sslo_adaptive,sentence,16.0,16,4096,0,1,256,True,,True,,,,,,,,,,0.28,sentence,342.71169120818377,342.7147579193115,702.4931919932366,343.4377369757167,343.41899952245876,703.0516299603041,22.424465244576023,22.52000491615462,23.18904526138004,342632.24534268194,342651.1921999045,702399.3458905723,224.94271523683142,191.67044586502016,685.1828379591833,,,,14.769617402290642,16.0,16.0,14.769617402290642,16.0,16.0,0.0,16.0,0.0,0.0,0.0,681.0658577837056,580.0794959068298,2023.61895752139,0.0,1.0,256.0,256.0,0.0
Qwen/Qwen3.5-35B-A3B,default,sslo_adaptive,sentence,16.0,16,4096,0,2,256,True,,True,,,,,,,,,,0.28,sentence,350.90684223454446,342.2597380876541,727.1286734580992,351.65124831315916,343.00032358639874,728.2427717028883,22.324221324820588,22.436620022777486,23.002009843837794,350827.5884985942,342186.1239003483,727040.2596590574,223.44696922518972,191.17568706907332,646.0322044027972,,,,14.742715240535757,16.0,16.0,14.742715240535757,16.0,16.0,0.0,16.0,0.0,0.0,0.0,670.9502684859045,575.189686845988,1940.0404457747943,0.0,1.0,256.0,256.0,0.0
Qwen/Qwen3.5-35B-A3B,default,sslo_adaptive,sentence,16.0,16,4096,0,3,256,True,,True,,,,,,,,,,0.28,sentence,314.6881663016975,317.1781128644943,665.6753849387169,315.46859392236,317.5684492851142,666.2158327927115,22.284495762208408,22.290405294529247,23.131259059971043,314607.99822002626,317116.18492985144,665578.1186368782,220.64456207338,185.42642922909,659.960206167302,,,,14.579167742120509,16.0,16.0,14.579167742120509,16.0,16.0,0.0,16.0,0.0,0.0,0.0,675.7394740873032,577.6085900142789,2072.030229130759,0.0,1.0,256.0,256.0,0.0
Qwen/Qwen3.5-35B-A3B,default,baseline,sentence,32.0,16,4096,0,1,256,False,,,,,,,,,,,,,,340.48232446145266,337.3109165430069,700.0855756282806,341.23712045459615,337.7958462724928,700.5736639098496,22.386440768294985,22.513407516183705,23.2223652390587,340402.4422079019,337243.88515832834,699995.3257471556,228.42207134432016,191.1298067464959,694.736010548002,1.3632532698102295,1.3632532698102295,1.3632532698102295,,,,,,,,,0.0,0.0,0.0,678.0797667763877,579.8095287755132,2152.9440397815774,5.8024834629221305e-05,0.99609375,255.0,256.0,0.00390625
Qwen/Qwen3.5-35B-A3B,default,baseline,sentence,32.0,16,4096,0,2,256,False,,,,,,,,,,,,,,342.3559314440936,339.6188510656357,717.1759186744689,343.0849321057176,340.3995397754479,717.9617578205884,22.315988812903065,22.437875887107367,23.034575278821478,342275.43146955944,339549.41947967745,717076.9554856465,226.4455272171412,187.37785220192745,674.1083050940473,,,,,,,,,,,,0.0,0.0,0.0,664.8309847971464,573.857975192368,1924.0599101316213,0.0,1.0,256.0,256.0,0.0
Qwen/Qwen3.5-35B-A3B,default,baseline,sentence,32.0,16,4096,0,3,256,False,,,,,,,,,,,,,,320.5130962282419,326.8953993320465,673.5415172338485,321.31806811214665,327.73321425449103,675.2325555177871,22.350006220886225,22.58280501418492,23.13098142515488,320430.64138371847,326825.4696733784,673452.571475692,220.0515333019133,186.29171012854204,640.1794947399252,,,,,,,,,,,,0.0,0.0,0.0,665.0031360240449,571.2505492847413,1938.0977866333012,0.0,1.0,256.0,256.0,0.0
Qwen/Qwen3.5-35B-A3B,default,sslo,sentence,32.0,16,4096,0,1,256,True,,,,,,,,,,,,0.28,sentence,340.45552385691553,337.2869131565094,700.0244312763214,341.2094256086075,337.7684066640213,700.5085106285521,22.384644439641786,22.511630077775585,23.223269928141374,340375.35135427245,337217.33848936856,699930.9219742658,228.42481779357604,191.13169330521487,694.7446740603958,1.3598229233175516,1.3598229233175516,1.3598229233175516,14.93436196130044,16.0,16.0,14.93436196130044,16.0,16.0,0.0,16.0,0.0,0.0,0.0,678.0259227068076,579.5988915488124,2153.342914455569,5.8024834629221305e-05,0.99609375,255.0,256.0,0.00390625
Qwen/Qwen3.5-35B-A3B,default,sslo,sentence,32.0,16,4096,0,2,256,True,,,,,,,,,,,,0.28,sentence,342.3828516136855,339.6414337158203,717.2529670119285,343.1119888342,340.42731463885866,718.0340067943091,22.318484278037257,22.43935477803603,23.038681492191905,342303.0634815968,339577.8718488291,717150.252681179,226.44120283819387,187.373225776013,674.0997258062109,,,,14.792041919109218,16.0,16.0,14.792041919109218,16.0,16.0,0.0,16.0,0.0,0.0,0.0,664.9084676680383,573.8900871947408,1924.4776174239853,0.0,1.0,256.0,256.0,0.0
Qwen/Qwen3.5-35B-A3B,default,sslo,sentence,32.0,16,4096,0,3,256,True,,,,,,,,,,,,0.28,sentence,320.56030661426485,326.93627059459686,673.6575754404067,321.36476847153244,327.7795687732287,675.3402729545487,22.35356141093411,22.587666147912472,23.131185178941635,320477.91689459153,326871.829636395,673564.7729501593,220.0456282526367,186.28796267719008,640.1637509752629,,,,14.729226115740213,16.0,16.0,14.729226115740213,16.0,16.0,0.0,16.0,0.0,0.0,0.0,665.1227896227527,571.3514033704996,1938.6755696823843,0.0,1.0,256.0,256.0,0.0
Qwen/Qwen3.5-35B-A3B,default,sslo_adaptive,sentence,32.0,16,4096,0,1,256,True,,True,,,,,,,,,,0.28,sentence,340.48519351892173,337.3182307481766,700.1038614749908,341.23960792498474,337.8069133935496,700.5833956464892,22.387309644483807,22.51648902166291,23.221102776684447,340405.42998936144,337255.76683157124,700005.4995442041,228.42125072829137,191.12800325383432,694.7368637686781,1.3660686048679054,1.3660686048679054,1.3660686048679054,14.93436196130044,16.0,16.0,14.93436196130044,16.0,16.0,0.0,16.0,0.0,0.0,0.0,678.1001459427581,579.5998896937817,2153.0242144875215,5.8024834629221305e-05,0.99609375,255.0,256.0,0.00390625
Qwen/Qwen3.5-35B-A3B,default,sslo_adaptive,sentence,32.0,16,4096,0,2,256,True,,True,,,,,,,,,,0.28,sentence,342.3391208536923,339.5987513065338,717.1593536376952,343.0689477086944,340.3783135933336,717.9592698526801,22.315952028745578,22.436794678978945,23.032116508978415,342260.04321105394,339529.31170980446,717075.2122404285,226.44547853117936,187.38104977505282,674.1138854922176,,,,14.792041919109218,16.0,16.0,14.792041919109218,16.0,16.0,0.0,16.0,0.0,0.0,0.0,664.8252918345831,573.9165898412466,1923.523138398307,0.0,1.0,256.0,256.0,0.0
Qwen/Qwen3.5-35B-A3B,default,sslo_adaptive,sentence,32.0,16,4096,0,3,256,True,,True,,,,,,,,,,0.28,sentence,320.506981395185,326.8848019838333,673.5354938268661,321.3114002412731,327.72669115592726,675.224619810516,22.34934389611731,22.58343893717351,23.128335071561942,320424.65564756095,326819.2409223411,673448.8238673192,220.051597719371,186.29053300688975,640.1780255921237,,,,14.729226115740213,16.0,16.0,14.729226115740213,16.0,16.0,0.0,16.0,0.0,0.0,0.0,665.0036085510893,571.0970724467188,1938.6837074300274,0.0,1.0,256.0,256.0,0.0
Qwen/Qwen3.5-35B-A3B,default,baseline,sentence,4.0,16,4096,0,1,256,False,,,,,,,,,,,,,,302.22501157037914,294.4465569257736,623.5486564874649,302.97974243461067,295.22693578340113,624.3036560955225,22.27962696753984,22.37310044494843,22.965600555749635,302146.84986829344,294382.56810512394,623449.493287038,219.0333406529483,186.61872335383669,678.5682825332224,5.998763769399375,5.998763769399375,8.72486948690377,,,,,,,,,0.0,0.0,0.0,662.1530896570986,566.1635175347328,1966.177247716105,0.00011706860220088972,0.9921875,254.0,256.0,0.0078125
Qwen/Qwen3.5-35B-A3B,default,baseline,sentence,4.0,16,4096,0,2,256,False,,,,,,,,,,,,,,303.74147356580943,306.68869638442993,647.4179811120033,304.43456033798043,307.0040884721093,648.4700107983873,22.428871345621996,22.507133858644554,23.317952231160522,303663.4192206766,306612.90510743856,647317.5272107123,222.94897752411893,186.63662660913542,670.4071238101461,,,,,,,,,,,,0.0,0.0,0.0,667.8951037827907,572.7143040858209,1993.136843480173,0.0,1.0,255.0,255.0,0.0
Qwen/Qwen3.5-35B-A3B,default,baseline,sentence,4.0,16,4096,0,3,256,False,,,,,,,,,,,,,,315.6963865906,322.7009755373001,631.982343840599,315.6640080898854,321.8485316382721,632.9756157344766,22.33325268256246,22.445091663723417,23.02881920693557,315619.1890893988,322633.8027396705,631894.9230659286,223.4053907539498,184.43973895418458,681.9521616036309,1.4046620519366115,1.4046620519366115,2.301887198840268,,,,,,,,,0.0,0.0,0.0,674.5149376553697,569.5199896581471,2129.9322356935604,0.00011936022917164001,0.9921568627450981,253.0,255.0,0.007843137254901933
Qwen/Qwen3.5-35B-A3B,default,sslo,sentence,4.0,16,4096,0,1,256,True,,,,,,,,,,,,0.28,sentence,302.2333056302741,294.4577602148056,623.5700869560242,302.9895312485605,295.23598364158534,624.3308225039393,22.280199189339857,22.37540248677978,22.969060754270746,302157.2486613641,294392.0474019833,623476.6430756077,219.03183917252412,186.61629578727297,678.5615688375706,6.001338919624686,6.001338919624686,8.72604527500458,14.866267236189548,16.0,16.0,14.866267236189548,16.0,16.0,0.0,16.0,0.0,0.0,0.0,662.185326753445,566.0872301086783,1966.4922468876377,0.00011706860220088972,0.9921875,254.0,256.0,0.0078125
Qwen/Qwen3.5-35B-A3B,default,sslo,sentence,4.0,16,4096,0,2,256,True,,,,,,,,,,,,0.28,sentence,313.99903208203614,319.80212926864624,614.9829850316047,314.7306373231895,320.30633937194943,615.5405359585536,22.288260459029626,22.350149229282607,23.033218155852882,313921.13420559507,319732.39711346105,614881.5888395997,213.33102050951976,179.96059140190482,643.2716511112254,,,,14.825880778518023,16.0,16.0,14.825880778518023,16.0,16.0,0.0,16.0,0.0,0.0,0.0,656.7503436263273,566.9666370376945,1911.5474054217316,0.0,1.0,256.0,256.0,0.0
Qwen/Qwen3.5-35B-A3B,default,sslo,sentence,4.0,16,4096,0,3,256,True,,,,,,,,,,,,0.28,sentence,327.5165407732129,325.47343015670776,671.4148594498633,328.23137328611847,326.0166847524233,671.9512101297964,22.276473003859127,22.43975982875659,23.0391496258222,327439.53367414,325389.4050561357,671316.6742105503,226.6321317952193,191.47819454642013,658.5957855991693,,,,14.857318212141427,16.0,16.0,14.857318212141427,16.0,16.0,0.0,16.0,0.0,0.0,0.0,670.3819505457425,574.1919162683189,1972.0673789503055,0.0,1.0,256.0,256.0,0.0
Qwen/Qwen3.5-35B-A3B,default,sslo_adaptive,sentence,4.0,16,4096,0,1,256,True,,True,,,,,,,,,,0.28,sentence,277.4892232948914,272.50289702415466,602.6738281607628,277.5021160133676,272.9504413707182,603.4548892032727,22.24602351710805,22.442309081132027,23.107596685665577,277412.55376662046,272438.3786008693,602577.63613977,213.18074774855006,178.34645771607757,629.2210588827171,3.321067358367145,3.321067358367145,5.964502739487216,14.820452748411281,16.0,16.0,14.820452748411281,16.0,16.0,0.0,16.0,0.0,0.0,0.0,682.9969003139597,577.7438129298389,2070.0819683261216,0.00012403100775193799,0.9921568627450981,253.0,255.0,0.007843137254901933
Qwen/Qwen3.5-35B-A3B,default,sslo_adaptive,sentence,4.0,16,4096,0,2,256,True,,True,,,,,,,,,,0.28,sentence,260.3430814128369,256.89289450645447,561.0447060108185,261.1271397598084,257.54745066701435,561.5433504432672,22.37088906271856,22.47775900177658,23.354717467064955,260264.56019266334,256827.77189905755,560949.8543861322,215.79194481242763,174.9840489279013,710.7969112550326,0.5147513700649142,0.5147513700649142,0.5147513700649142,14.700677485426185,16.0,16.0,14.700677485426185,16.0,16.0,0.0,16.0,0.0,0.0,0.0,678.1388424428156,587.3701386153698,1888.9503308013075,6.66045024643666e-05,0.99609375,255.0,256.0,0.00390625
Qwen/Qwen3.5-35B-A3B,default,sslo_adaptive,sentence,4.0,16,4096,0,3,256,True,,True,,,,,,,,,,0.28,sentence,327.51234127767384,325.4633809328079,671.4210126876831,328.22628956463814,326.0139155795332,671.9661712179193,22.276623998293307,22.44034400666502,23.03670696136289,327434.53040835995,325386.7526014801,671331.637212471,226.6317159709331,191.4745443034917,658.5927189068077,,,,14.857318212141427,16.0,16.0,14.857318212141427,16.0,16.0,0.0,16.0,0.0,0.0,0.0,670.3924430612898,574.1758623626083,1972.3892980208623,0.0,1.0,256.0,256.0,0.0
Qwen/Qwen3.5-35B-A3B,default,baseline,sentence,0.0,32,4096,0,1,256,False,,,,,,,,,,,,,,211.32142342068255,207.15085792541504,482.3728148221969,212.3434263926083,208.1798503191676,483.11911380137315,32.072990035353754,32.24860742989067,33.37321257172356,211160.33400133892,207010.41537569836,482243.97730587516,202.53826219101998,167.86247801501304,622.0379925092499,,,,,,,,,,,,0.0,0.0,0.0,970.4300275092818,831.7567850463092,2919.306971319037,0.0,1.0,256.0,256.0,0.0
Qwen/Qwen3.5-35B-A3B,default,baseline,sentence,0.0,32,4096,0,2,256,False,,,,,,,,,,,,,,211.30600984673947,207.14204847812653,482.3015301346779,212.3281247536088,208.17165953526273,483.0477899037767,32.068901465986464,32.24415463976498,33.36461953777042,211145.15741987998,207002.32784613036,482172.97225205693,202.54420162254533,167.84777889307588,622.0380617087895,,,,,,,,,,,,0.0,0.0,0.0,970.2961605931823,831.2614588066936,2919.4223979301887,0.0,1.0,256.0,256.0,0.0
Qwen/Qwen3.5-35B-A3B,default,baseline,sentence,0.0,32,4096,0,3,256,False,,,,,,,,,,,,,,211.34905623923987,207.179452419281,482.40664690732956,212.37348059250326,208.2116125940811,483.16281945100053,32.07612208087557,32.251085404064334,33.374846006551515,211190.27755047684,207041.8427172117,482287.88027451374,202.533434733809,167.8418292249553,622.0360181718322,,,,,,,,,,,,0.0,0.0,0.0,970.5092241699697,831.5965528599918,2920.356717519478,0.0,1.0,256.0,256.0,0.0
Qwen/Qwen3.5-35B-A3B,default,sslo,sentence,0.0,32,4096,0,1,256,True,,,,,,,,,,,,0.28,sentence,211.32093917392194,207.15393948554993,482.3637267231941,212.3415355516754,208.18213355657645,483.108386125206,32.072478651637304,32.24853151849705,33.37042707077222,211159.33739260072,207013.18572228774,482234.24179058056,202.538515074748,167.85842992085963,622.0386415307413,,,,27.260744836219487,32.0,32.0,27.260744836219487,32.0,32.0,0.0,32.0,0.0,0.0,0.0,970.4186843130171,831.4707409590483,2919.6840380504855,0.0,1.0,256.0,256.0,0.0
Qwen/Qwen3.5-35B-A3B,default,sslo,sentence,0.0,32,4096,0,2,256,True,,,,,,,,,,,,0.28,sentence,211.54736032243818,207.3775441646576,482.87213954925534,212.57088310990002,208.4084653048776,483.61885956006586,32.10503110364746,32.28236236324445,33.407801441291404,211387.33886405133,207238.2730024401,482744.3776232889,202.48953350412583,167.81362464791164,622.0177157967352,,,,27.260744836219487,32.0,32.0,27.260744836219487,32.0,32.0,0.0,32.0,0.0,0.0,0.0,971.3722315944472,832.1683797985315,2922.847605235889,0.0,1.0,256.0,256.0,0.0
Qwen/Qwen3.5-35B-A3B,default,sslo,sentence,0.0,32,4096,0,3,256,True,,,,,,,,,,,,0.28,sentence,211.3663342408836,207.19980490207672,482.44949833154675,212.38968780456162,208.23054134077393,483.19689111521,32.07860069228189,32.25399459648595,33.37620121215997,211207.25731260428,207061.7067203857,482322.98206125846,202.5298244201187,167.83720450941473,622.0271584344099,,,,27.260744836219487,32.0,32.0,27.260744836219487,32.0,32.0,0.0,32.0,0.0,0.0,0.0,970.5897496826195,831.6513448953629,2920.5508003570285,0.0,1.0,256.0,256.0,0.0
Qwen/Qwen3.5-35B-A3B,default,sslo_adaptive,sentence,0.0,32,4096,0,1,256,True,,True,,,,,,,,,,0.28,sentence,211.29336769226938,207.12501668930054,482.2909506559372,212.3139669166976,208.15260211308487,483.0363691863371,32.06709908122665,32.24218211522415,33.36949039706271,211131.8582007989,206984.31728617288,482162.74446859024,202.547031075891,167.85467949463055,622.0865622027779,,,,27.260744836219487,32.0,32.0,27.260744836219487,32.0,32.0,0.0,32.0,0.0,0.0,0.0,970.2391548728369,831.1946489848197,2919.622645452634,0.0,1.0,256.0,256.0,0.0
Qwen/Qwen3.5-35B-A3B,default,sslo_adaptive,sentence,0.0,32,4096,0,2,256,True,,True,,,,,,,,,,0.28,sentence,211.3466432467103,207.1777685880661,482.40673815011974,212.36834468041707,208.20714023755863,483.15343352956694,32.075404966614684,32.249630641303085,33.37538376758819,211185.9687720571,207038.21165091358,482279.2473640525,202.53412956581425,167.84178646700457,622.0359958225678,,,,27.260744836219487,32.0,32.0,27.260744836219487,32.0,32.0,0.0,32.0,0.0,0.0,0.0,970.5006353302551,831.6779891029,2919.6651053615083,0.0,1.0,256.0,256.0,0.0
Qwen/Qwen3.5-35B-A3B,default,sslo_adaptive,sentence,0.0,32,4096,0,3,256,True,,True,,,,,,,,,,0.28,sentence,211.3763708109036,207.21220982074738,482.46934800148006,212.4002378319201,208.24369273730554,483.21716874777337,32.07974975631977,32.254767534322006,33.37837230560872,211217.590112361,207074.33310546912,482343.2939178776,202.5277685210465,167.83288073539734,622.0149244848827,,,,27.260744836219487,32.0,32.0,27.260744836219487,32.0,32.0,0.0,32.0,0.0,0.0,0.0,970.6238404302032,831.451652571559,2920.738872867093,0.0,1.0,256.0,256.0,0.0
Qwen/Qwen3.5-35B-A3B,default,baseline,sentence,16.0,32,4096,0,1,256,False,,,,,,,,,,,,,,199.76140536926687,195.98040974140167,432.77326394319533,200.83681539074496,196.6491714590229,433.61076285722663,32.16498573846107,32.48290236834156,34.18811633341719,199655.59894657234,195888.9690823853,432661.399752181,198.23559231808844,166.0298117136117,632.2474816050847,1.828492494765669,1.828492494765669,1.828492494765669,,,,,,,,,0.0,0.0,0.0,958.7496499075465,823.1164999306202,2959.566694288525,6.0916179337231965e-05,0.99609375,255.0,256.0,0.00390625
Qwen/Qwen3.5-35B-A3B,default,baseline,sentence,16.0,32,4096,0,2,256,False,,,,,,,,,,,,,,190.21678220387548,190.71036624908447,426.00624829530716,191.26048818860545,191.5390060255304,426.67854734449645,31.892754798631746,32.1093282844844,33.194593873560365,190109.5545993903,190615.0558104273,425881.2095187139,201.50988360553603,165.9765252971556,661.7039551166491,1.9951479525770992,1.9951479525770992,2.675947375339456,,,,,,,,,0.0,0.0,0.0,966.8966614785362,832.4417830444872,2864.0392202790827,0.0001277791975466394,0.9921875,254.0,256.0,0.0078125
Qwen/Qwen3.5-35B-A3B,default,baseline,sentence,16.0,32,4096,0,3,256,False,,,,,,,,,,,,,,216.62545937579125,218.9067429304123,489.09400594234467,217.70677067656288,219.63748564058915,490.0864633889636,32.426630950010896,32.61044674587595,34.05382550129614,216518.6771052595,218817.0348640997,488969.9734404916,213.30256785960776,175.0604715263471,669.7923161687332,4.644629382528365,4.644629382528365,6.181523686107248,,,,,,,,,0.0,0.0,0.0,987.293433724202,841.0887978971004,3057.342560514809,0.00011396660778391932,0.9921875,254.0,256.0,0.0078125
Qwen/Qwen3.5-35B-A3B,default,sslo,sentence,16.0,32,4096,0,1,256,True,,,,,,,,,,,,0.28,sentence,199.6432473435998,186.08805096149445,445.6206149935722,200.83292906563545,187.10144822020084,446.2046410872601,32.083266345238755,32.35850899764841,33.30007864661249,199536.4809367875,185989.12653210573,445493.6290595447,206.72499642832008,173.22194267739542,631.8204232327872,6.788336152443662,6.279526815051213,16.011051493859853,27.735639651345352,32.0,32.0,27.735639651345352,32.0,32.0,0.0,32.0,0.0,0.0,0.0,959.35257154604,826.4209674671292,2812.6419108593814,0.0003593675131768088,0.9764705882352941,249.0,255.0,0.02352941176470591
Qwen/Qwen3.5-35B-A3B,default,sslo,sentence,16.0,32,4096,0,2,256,True,,,,,,,,,,,,0.28,sentence,190.1141075529158,190.59516978263855,425.81027572155,191.15687431739207,191.42707643308677,426.4832458523335,31.876641985273775,32.09995139617103,33.17971730705666,190007.48300206396,190504.55175247043,425686.63774316665,201.5327113819023,166.00753457844257,661.7629048014433,1.992756037041545,1.992756037041545,2.673884532619268,27.45290569866411,32.0,32.0,27.45290569866411,32.0,32.0,0.0,32.0,0.0,0.0,0.0,966.4441486503731,831.9687596522272,2863.715555383824,0.0001277791975466394,0.9921875,254.0,256.0,0.0078125
Qwen/Qwen3.5-35B-A3B,default,sslo,sentence,16.0,32,4096,0,3,256,True,,,,,,,,,,,,0.28,sentence,216.6190344756469,218.89950108528137,489.0603617310524,217.7002374174317,219.6272583908867,490.0645475346129,32.42640793554617,32.6048408936323,34.053393790679515,216512.85334734348,218807.61518352665,488948.9700544159,213.30448419113912,175.06691624689847,669.8088975135798,4.644743389450014,4.644743389450014,6.181923383800313,28.082548019980432,32.0,32.0,28.082548019980432,32.0,32.0,0.0,32.0,0.0,0.0,0.0,987.2617762842236,841.1856698803604,3057.214364055545,0.00011396660778391932,0.9921875,254.0,256.0,0.0078125
Qwen/Qwen3.5-35B-A3B,default,sslo_adaptive,sentence,16.0,32,4096,0,1,256,True,,True,,,,,,,,,,0.28,sentence,208.56901123654097,207.68990910053253,460.14303685426705,209.6467970787544,208.33239770913497,460.7005219669313,32.075175912757786,32.299326616221826,33.27571471160277,208463.7215988969,207579.78909485973,460017.75023494835,207.29492903249567,173.32055813097395,636.044750922681,4.649341919925064,4.521474232897162,8.086037158239632,27.78213986599665,32.0,32.0,27.78213986599665,32.0,32.0,0.0,32.0,0.0,0.0,0.0,955.6423300124868,817.6936535164714,2867.9633997660158,0.00023049441051054513,0.984375,252.0,256.0,0.015625
Qwen/Qwen3.5-35B-A3B,default,sslo_adaptive,sentence,16.0,32,4096,0,2,256,True,,True,,,,,,,,,,0.28,sentence,189.44514414295554,189.9606374502182,424.1973811507225,190.48439855506695,190.7752243769355,424.8626127381343,31.765673539746714,31.985909764897805,33.033880759383806,189338.67702622776,189855.68193299696,424069.40785322804,201.69726017964254,166.13065651245415,662.1523036878834,1.9698316457215697,1.9698316457215697,2.642913300939836,27.45290569866411,32.0,32.0,27.45290569866411,32.0,32.0,0.0,32.0,0.0,0.0,0.0,963.107749646397,829.3372741900384,2851.453917832114,0.0001277791975466394,0.9921875,254.0,256.0,0.0078125
Qwen/Qwen3.5-35B-A3B,default,sslo_adaptive,sentence,16.0,32,4096,0,3,256,True,,True,,,,,,,,,,0.28,sentence,207.58005359396338,205.90324890613556,472.64842860698695,208.6827004861898,206.78715844033286,473.70007288584014,32.138345312509436,32.402453797747505,33.417049871783675,207473.22241238545,205795.85357080214,472527.82181701617,213.71656508303656,180.17116724886,656.5399732441176,,,,27.615796589018302,32.0,32.0,27.615796589018302,32.0,32.0,0.0,32.0,0.0,0.0,0.0,962.5089113227668,824.4830784387887,2831.630659336224,0.0,1.0,256.0,256.0,0.0
Qwen/Qwen3.5-35B-A3B,default,baseline,sentence,32.0,32,4096,0,1,256,False,,,,,,,,,,,,,,204.02660681214184,204.0966396331787,438.57369167804717,205.11750990985092,204.86971047706902,440.4633872631472,32.387346549484334,32.67411717095189,33.546930136280004,203919.7874080728,204002.07524560392,438448.7944731256,202.01873046920176,165.99356640526094,626.7835228268988,,,,,,,,,,,,0.0,0.0,0.0,974.1121520702177,834.3846660573035,2922.1599852899035,0.0,1.0,256.0,256.0,0.0
Qwen/Qwen3.5-35B-A3B,default,baseline,sentence,32.0,32,4096,0,2,256,False,,,,,,,,,,,,,,219.01907724514604,217.36749279499054,483.8616149663925,220.10932419139135,218.41050620004535,484.6789487589849,31.991400338828026,32.34597407003974,32.90999520031062,218910.9015435497,217270.22572699934,483726.3046088861,205.49864645647523,174.95631316537037,632.9475059895915,0.04288273677229881,0.04288273677229881,0.04288273677229881,,,,,,,,,0.0,0.0,0.0,954.9358131207968,822.1137872897089,2841.7517747916277,5.72737686139748e-05,0.99609375,255.0,256.0,0.00390625
Qwen/Qwen3.5-35B-A3B,default,baseline,sentence,32.0,32,4096,0,3,256,False,,,,,,,,,,,,,,205.02848725486547,194.4057695865631,455.3490434765815,206.1182571726058,195.54579807887785,455.97745282985267,32.13167278858467,32.524108793912376,33.66922133083906,204919.22205761875,194303.8713778369,455221.8129163375,205.49034706611997,171.95694080134854,614.2230444218122,1.5721936489987587,0.5729082473553717,13.793297259700473,,,,,,,,,0.0,0.0,0.0,963.4948920969435,828.6601940635592,2838.1521932454775,0.0008443908323281062,0.984375,252.0,256.0,0.015625
Qwen/Qwen3.5-35B-A3B,default,sslo,sentence,32.0,32,4096,0,1,256,True,,,,,,,,,,,,0.28,sentence,223.42623897921294,209.1637235879898,499.1554988980293,224.53839062367297,210.124402258778,500.3713811985915,32.32686657121853,32.59266127856783,33.373902682178354,223318.43672695322,209069.28806379437,499031.5254222368,213.56886801817132,176.3046594853513,663.5639697902834,4.202085457975045,4.202085457975045,8.098197076958604,27.540596562184025,32.0,32.0,27.540596562184025,32.0,32.0,0.0,32.0,0.0,0.0,0.0,980.1967022559215,840.5765839852393,3008.5376768931633,0.00011404459143525118,0.9921875,254.0,256.0,0.0078125
Qwen/Qwen3.5-35B-A3B,default,sslo,sentence,32.0,32,4096,0,2,256,True,,,,,,,,,,,,0.28,sentence,226.44855204503983,212.50955164432526,498.18950610160823,227.55059474961672,213.221247354988,499.44991564478255,32.29745670663661,32.64346425910509,33.400917835944426,226340.7514842729,212416.69858712703,498055.2538871299,209.44136320677754,176.29980350052938,636.7156807885272,2.1723682419396937,2.1723682419396937,2.1723682419396937,27.81288654567576,32.0,32.0,27.81288654567576,32.0,32.0,0.0,32.0,0.0,0.0,0.0,964.7544887320419,824.7968081850559,2955.0587206380437,5.572272372673576e-05,0.99609375,255.0,256.0,0.00390625
Qwen/Qwen3.5-35B-A3B,default,sslo,sentence,32.0,32,4096,0,3,256,True,,,,,,,,,,,,0.28,sentence,204.90716405492276,194.49806773662567,452.34390232563015,206.0099743444116,195.6368427129928,453.0632134798448,32.24609851336808,32.60178646680033,33.68969736571245,204797.01914216456,194394.48817446828,452229.75111962296,204.6562551371012,172.44701522774994,622.1587396486069,1.6785113136904934,0.6126740123145282,13.695112665994085,27.613723894765393,32.0,32.0,27.613723894765393,32.0,32.0,0.0,32.0,0.0,0.0,0.0,951.8747214342028,823.8292133901268,2719.2539490573113,0.0008934953538241601,0.98046875,251.0,256.0,0.01953125
Qwen/Qwen3.5-35B-A3B,default,sslo_adaptive,sentence,32.0,32,4096,0,1,256,True,,True,,,,,,,,,,0.28,sentence,219.0826408592984,221.74581909179688,484.70160806179047,220.19768593473782,222.68923989706673,485.9709806493018,32.18996739199448,32.46267441267679,33.79773706554673,218974.5254965328,221655.79661144875,484586.7755078245,211.91761867173008,179.71491031744517,628.1536771581875,2.1711738165467978,1.5597842396236956,4.885530322026462,28.49041398925524,32.0,32.0,28.49041398925524,32.0,32.0,0.0,32.0,0.0,0.0,0.0,971.4687341491247,831.0528569854796,2969.024337627922,0.00017164435290078958,0.98828125,253.0,256.0,0.01171875
Qwen/Qwen3.5-35B-A3B,default,sslo_adaptive,sentence,32.0,32,4096,0,2,256,True,,True,,,,,,,,,,0.28,sentence,218.98285791743547,217.33098232746124,483.7820970058441,220.07236605679645,218.37557094497606,484.6006464875769,31.98624647442802,32.33903170983941,32.90700120619448,218875.0488256137,217236.09173228033,483649.18141860975,205.50630696026204,174.96414691745304,632.9660711405146,0.042234180960804224,0.042234180960804224,0.042234180960804224,27.56781632969647,32.0,32.0,27.56781632969647,32.0,32.0,0.0,32.0,0.0,0.0,0.0,954.7917978482573,821.7637490015477,2840.8946606889363,5.72737686139748e-05,0.99609375,255.0,256.0,0.00390625
Qwen/Qwen3.5-35B-A3B,default,sslo_adaptive,sentence,32.0,32,4096,0,3,256,True,,True,,,,,,,,,,0.28,sentence,232.0114976586774,233.38765108585358,477.3923008799553,233.08292897625688,234.4886316594202,478.1249627168989,31.85431775484585,32.276876527021095,33.760443645923004,231889.1333163483,233299.67854195274,477276.8099221168,203.33479422523558,166.87735627684742,632.4394222005878,46.587515245890245,46.587515245890245,47.827753909002055,25.930388493627476,32.0,32.0,25.930388493627476,32.0,32.0,0.0,32.0,0.0,0.0,0.0,963.3195510656362,821.2458069901913,2878.670287346468,0.0001232741617357002,0.9921875,254.0,256.0,0.0078125
Qwen/Qwen3.5-35B-A3B,default,baseline,sentence,4.0,32,4096,0,1,256,False,,,,,,,,,,,,,,175.43216873891652,162.8362671136856,398.2874432682991,175.89885502959612,163.14753061020747,398.98777579991145,31.879592684606184,32.079049221186565,33.34140711516761,175328.88136185828,162745.57397700846,398175.7843877189,207.6134318094584,173.9419962039683,612.0646323959761,8.690412450348958,8.690412450348958,17.180807307478972,,,,,,,,,0.0,0.0,0.0,962.925676629915,827.2439639549702,2806.3585038948777,0.00011944577161968466,0.9920948616600791,251.0,253.0,0.007905138339920903
Qwen/Qwen3.5-35B-A3B,default,baseline,sentence,4.0,32,4096,0,2,256,False,,,,,,,,,,,,,,200.24440430290997,190.10334241390228,440.36478955745696,201.4126961110452,194.00909742387012,441.4433002465684,32.14267958605123,32.48789872283332,33.60396182915825,200139.80300030744,190010.11450542137,440230.32242255285,204.849220475011,173.5392478457652,639.8893263724912,,,,,,,,,,,,0.0,0.0,0.0,957.8782004947687,824.149043764919,2733.151506353168,0.0,1.0,255.0,255.0,0.0
Qwen/Qwen3.5-35B-A3B,default,baseline,sentence,4.0,32,4096,0,3,256,False,,,,,,,,,,,,,,198.22409556992352,205.95472264289856,420.09241034984586,200.75410414319376,207.92313084192574,421.0778184985695,32.15234954874574,32.30519879459388,33.293838456474866,198120.71620551797,205852.26356703788,419964.6272305865,204.04346025899562,169.78426986001432,634.0470750473067,2.453105818480253,2.453105818480253,2.453105818480253,,,,,,,,,0.0,0.0,0.0,965.5568222019607,823.5562900081277,2917.054404616358,5.6892530010809584e-05,0.9960629921259843,253.0,254.0,0.003937007874015741
Qwen/Qwen3.5-35B-A3B,default,sslo,sentence,4.0,32,4096,0,1,256,True,,,,,,,,,,,,0.28,sentence,195.9854037920013,203.4678543806076,421.43643970489495,197.40978200838848,204.43329715076834,422.41035822172654,32.02723865087936,32.259728234515244,33.3045119127169,195880.97808462952,203374.7163580265,421314.26175800146,211.19546656504457,175.22456479026005,658.7201664755722,1.3258023634552956,1.3258023634552956,1.7711024857871234,28.31168970896767,32.0,32.0,28.31168970896767,32.0,32.0,0.0,32.0,0.0,0.0,0.0,967.7136232460402,823.8376646768302,3014.1044176043933,0.00011743981209630065,0.9921568627450981,253.0,255.0,0.007843137254901933
Qwen/Qwen3.5-35B-A3B,default,sslo,sentence,4.0,32,4096,0,2,256,True,,,,,,,,,,,,0.28,sentence,193.20671312324703,191.59578490257263,414.036246562004,194.18893215911572,192.62160130310804,415.0654182936252,31.887668508372712,32.22974993377215,33.63233941190214,193103.71839693107,191488.10700536706,413904.47151758696,199.9384365933385,170.27120951586403,595.4423705696314,,,,27.466526315789473,32.0,32.0,27.466526315789473,32.0,32.0,0.0,32.0,0.0,0.0,0.0,951.3057647920679,808.5501249879599,2816.3712911773473,0.0,1.0,255.0,255.0,0.0
Qwen/Qwen3.5-35B-A3B,default,sslo,sentence,4.0,32,4096,0,3,256,True,,,,,,,,,,,,0.28,sentence,176.2958415756002,174.3641128540039,386.9667644023895,178.03804398296657,177.90045554703102,388.74777911175977,32.141922052868445,32.3190268372064,33.24019850597583,176192.51011015513,174275.01051244326,386849.47096221143,210.58871457184145,174.8794826976955,662.9227047789841,0.7841364779742435,0.6138899913057685,2.4449422955932087,28.052976873872396,32.0,32.0,28.052976873872396,32.0,32.0,0.0,32.0,0.0,0.0,0.0,963.2107386895553,824.8350941576064,2890.416460484262,0.0004784402846719694,0.984313725490196,251.0,255.0,0.015686274509803977
Qwen/Qwen3.5-35B-A3B,default,sslo_adaptive,sentence,4.0,32,4096,0,1,256,True,,True,,,,,,,,,,0.28,sentence,185.52314050029963,183.68541383743286,412.0931467056274,186.67089173648068,184.16539743216708,412.8358638838958,31.95001571539975,32.19054776774913,33.257723788923386,185419.38945623586,183581.21489780024,411959.3529356411,202.83002595446192,172.17312344396487,599.4238404088412,,,,28.10478272752118,32.0,32.0,28.10478272752118,32.0,32.0,0.0,32.0,0.0,0.0,0.0,942.554681968593,810.6665769591928,2829.393517901189,0.0,1.0,255.0,255.0,0.0
Qwen/Qwen3.5-35B-A3B,default,sslo_adaptive,sentence,4.0,32,4096,0,2,256,True,,True,,,,,,,,,,0.28,sentence,190.2997908918187,195.38693845272064,415.5628777980804,191.3005574770632,196.45981702953577,416.31852757546585,32.084243357684656,32.38922549367305,33.66281586495157,190195.6241775879,195302.7970455587,415446.2518303888,209.40655515517173,174.26830808399245,653.7623965440878,1.427628960693255,1.427628960693255,2.0526814454840494,26.839326019631514,32.0,32.0,26.839326019631514,32.0,32.0,0.0,32.0,0.0,0.0,0.0,964.6944071403602,827.988080214709,3000.7734275609273,0.00012037315678603672,0.9921875,254.0,256.0,0.0078125
Qwen/Qwen3.5-35B-A3B,default,sslo_adaptive,sentence,4.0,32,4096,0,3,256,True,,True,,,,,,,,,,0.28,sentence,173.01934567652643,152.14364993572235,389.990195941925,173.79425643137142,152.96535136015154,390.73076452499254,31.91585623093617,32.19818993753519,33.85725712449245,172915.70387359388,152050.4841916263,389875.6764668505,202.73551831988405,171.6591450520791,618.766444299835,3.645822166930884,3.645822166930884,3.645822166930884,27.5119640537029,32.0,32.0,27.5119640537029,32.0,32.0,0.0,32.0,0.0,0.0,0.0,941.8469203500756,812.1132552623749,2765.2438328601406,5.9733588196642975e-05,0.9960629921259843,253.0,254.0,0.003937007874015741
Qwen/Qwen3.5-35B-A3B,default,baseline,sentence,0.0,64,4096,0,1,256,False,,,,,,,,,,,,,,122.95292629674077,114.42219626903534,303.3660976529121,124.37642395589683,115.74712689197622,304.4646972373826,43.38911792361155,44.10616205300185,45.38390515454639,122752.53080272341,114230.93799734488,303207.4046615511,192.99927214829157,161.4379668547772,599.1684815521726,1.959461871534586,2.066877036821097,3.571926458599046,,,,,,,,,0.0,0.0,0.0,1281.1576949276277,1094.6048647165298,3836.936796009551,0.00016717748676511564,0.98828125,253.0,256.0,0.01171875
Qwen/Qwen3.5-35B-A3B,default,baseline,sentence,0.0,64,4096,0,2,256,False,,,,,,,,,,,,,,122.93943401705474,114.40248966217041,303.34163186550137,124.36097128666006,115.72648495482281,304.4391696343664,43.38513169286191,44.10175202750988,45.39555175437808,122737.79839357667,114209.75477900356,303181.92287774285,193.00414004328053,161.4418718777597,599.1753000547925,1.9826396582648158,2.063944309949875,3.643494183309376,,,,,,,,,0.0,0.0,0.0,1281.1258009878318,1094.364631921053,3836.366849485796,0.00016717748676511564,0.98828125,253.0,256.0,0.01171875
Qwen/Qwen3.5-35B-A3B,default,baseline,sentence,0.0,64,4096,0,3,256,False,,,,,,,,,,,,,,122.9652452133596,114.43398523330688,303.38304376602173,124.38845389998824,115.75874222954735,304.4835446137469,43.392337362677075,44.112100769562126,45.392814544937806,122764.34893264377,114242.3024091404,303226.65424579754,192.99497144336277,161.4380853967741,599.1589852568322,1.987195589269201,2.068525661714375,3.651751986406744,,,,,,,,,0.0,0.0,0.0,1281.2709478693337,1094.6880728006363,3838.5825214535103,0.00016717748676511564,0.98828125,253.0,256.0,0.01171875
Qwen/Qwen3.5-35B-A3B,default,sslo,sentence,0.0,64,4096,0,1,256,True,,,,,,,,,,,,0.28,sentence,122.95105963386595,114.41706097126007,303.3609557628631,124.37370185622603,115.74007507995702,304.45732366214503,43.39068025137438,44.10449433867093,45.389815391890956,122750.1680380501,114225.91390437447,303201.4333907049,192.99969482508965,161.45127752330154,599.172646572944,1.9845704333856702,2.0662450660020113,3.646249188678339,49.46394557823129,64.0,64.0,49.46394557823129,64.0,64.0,0.0,64.0,0.0,0.0,0.0,1281.1893580942271,1094.5564340800047,3836.319878958178,0.00016717748676511564,0.98828125,253.0,256.0,0.01171875
Qwen/Qwen3.5-35B-A3B,default,sslo,sentence,0.0,64,4096,0,2,256,True,,,,,,,,,,,,0.28,sentence,122.93699566554278,114.39944815635681,303.33331110477445,124.35864902181129,115.72227674606256,304.43003944044466,43.38506254874915,44.10091682515756,45.39422255754206,122736.09272040449,114207.70473056473,303174.103855202,193.00516883692043,161.44141821190715,599.1786867231133,1.986151886638254,2.0624874071218073,3.6553942135814577,49.46394557823129,64.0,64.0,49.46394557823129,64.0,64.0,0.0,64.0,0.0,0.0,0.0,1281.1112661978323,1094.3356337957084,3837.291546594358,0.00016717748676511564,0.98828125,253.0,256.0,0.01171875
Qwen/Qwen3.5-35B-A3B,default,sslo,sentence,0.0,64,4096,0,3,256,True,,,,,,,,,,,,0.28,sentence,122.93624332454056,114.40090250968933,303.32984123229977,124.35832123206637,115.72509705461562,304.4305366710992,43.38567817139327,44.10150023302352,45.39146385992466,122736.30676262655,114210.10068338364,303173.90849597286,193.00490279615653,161.44327165698633,599.1781665502305,1.983752719592303,2.06206315709278,3.648729069763794,49.46394557823129,64.0,64.0,49.46394557823129,64.0,64.0,0.0,64.0,0.0,0.0,0.0,1281.111668196021,1094.2843719385564,3836.7517634853853,0.00016717748676511564,0.98828125,253.0,256.0,0.01171875
Qwen/Qwen3.5-35B-A3B,default,sslo_adaptive,sentence,0.0,64,4096,0,1,256,True,,True,,,,,,,,,,0.28,sentence,122.96125467680395,114.43296599388123,303.366700053215,124.38273761626624,115.75581907550804,304.46323538003486,43.38913319150991,44.109926050840464,45.39199728967558,122760.24859164318,114241.15124950185,303207.33107491396,192.9977168462706,161.44476219080389,599.1684559257144,1.9812810133832197,2.0664148461073637,3.636460030730814,49.46394557823129,64.0,64.0,49.46394557823129,64.0,64.0,0.0,64.0,0.0,0.0,0.0,1281.2071622843137,1094.6192420087755,3836.59143669532,0.00016717748676511564,0.98828125,253.0,256.0,0.01171875
Qwen/Qwen3.5-35B-A3B,default,sslo_adaptive,sentence,0.0,64,4096,0,2,256,True,,True,,,,,,,,,,0.28,sentence,122.95971587579697,114.42081344127655,303.38685255050655,124.38126304487196,115.7444277794566,304.483456050721,43.39126903409395,44.10994482364264,45.395365874389086,122758.51158572004,114228.60274463892,303227.493542619,192.99584716886045,161.43355332221836,599.1566686431693,1.9692122312262654,2.064162238035351,3.602595778983086,49.46394557823129,64.0,64.0,49.46394557823129,64.0,64.0,0.0,64.0,0.0,0.0,0.0,1281.2544662910716,1094.5442109368742,3837.762334514422,0.00016717748676511564,0.98828125,253.0,256.0,0.01171875
Qwen/Qwen3.5-35B-A3B,default,sslo_adaptive,sentence,0.0,64,4096,0,3,256,True,,True,,,,,,,,,,0.28,sentence,122.95872530993074,114.4337385892868,303.3687071084976,124.37903824936075,115.75609460705891,304.4643469088245,43.388880467064396,44.10840211497558,45.384376754196765,122756.64489220799,114240.91706401668,303208.15565127414,192.99795617565456,161.4379333392717,599.1654475621881,1.970828609696279,2.0664996802806854,3.604408844448626,49.46394557823129,64.0,64.0,49.46394557823129,64.0,64.0,0.0,64.0,0.0,0.0,0.0,1281.1942424047268,1094.6411141194403,3836.408282052737,0.00016717748676511564,0.98828125,253.0,256.0,0.01171875
Qwen/Qwen3.5-35B-A3B,default,baseline,sentence,16.0,64,4096,0,1,256,False,,,,,,,,,,,,,,105.79229611810297,107.08814692497253,280.386475276947,107.64021751051402,109.1914312641602,283.03256312332115,43.268939488003106,44.029189721303474,45.748070704230216,105649.07462170049,106946.76250056364,280235.2576960809,189.04461905828978,157.02006813930348,597.4607172773642,1.6083864262327552,0.3691281620413065,6.487586337830871,,,,,,,,,0.0,0.0,0.0,1279.9219233576869,1087.414105888456,3837.9454965750037,0.0002873232961728537,0.9803149606299213,249.0,254.0,0.019685039370078705
Qwen/Qwen3.5-35B-A3B,default,baseline,sentence,16.0,64,4096,0,2,256,False,,,,,,,,,,,,,,121.93184485752136,129.04689240455627,309.2222537994385,123.55507139700057,129.8186163494829,310.1811433372321,43.42952826117204,44.03951276772697,45.68250686655209,121786.43264128732,128897.65018643811,309044.14319552016,195.6119869346108,162.193373455666,619.6451760960149,0.8499603488482534,0.4354795101098716,2.175163331422955,,,,,,,,,0.0,0.0,0.0,1309.7982558603878,1124.5417369063944,4037.11122589186,0.0002754517408550022,0.98046875,251.0,256.0,0.01953125
Qwen/Qwen3.5-35B-A3B,default,baseline,sentence,16.0,64,4096,0,3,256,False,,,,,,,,,,,,,,102.0240990947932,95.80659794807434,266.4336916446685,103.50703550270009,96.6546986720059,267.34475210965604,43.418534457818495,43.68969264543601,46.569670863726934,101878.7394209885,95660.95316153951,266269.58557856263,189.15614485510415,156.04128133901395,586.5083846421397,7.6543516231700774,6.61176696466282,15.606717815231532,,,,,,,,,0.0,0.0,0.0,1297.6319374217933,1098.379297181964,3916.299321977416,0.0003027734043841589,0.98046875,251.0,256.0,0.01953125
Qwen/Qwen3.5-35B-A3B,default,sslo,sentence,16.0,64,4096,0,1,256,True,,,,,,,,,,,,0.28,sentence,104.910544924438,100.69048309326172,264.6480087518692,106.88863915007416,102.57343628210947,265.60882757212033,43.30438237719605,43.85986674829444,45.37692052956157,104767.60571777959,100548.36325673386,264471.6545419302,189.7218959166782,158.30455742240883,602.031770674023,5.6191780876833946,0.8291703131981194,27.556301515712406,49.23040152963671,64.0,64.0,49.23040152963671,64.0,64.0,0.0,64.0,0.0,0.0,0.0,1293.4506797769684,1106.021563289687,4107.511544409209,0.0003601872973946452,0.984313725490196,251.0,255.0,0.015686274509803977
Qwen/Qwen3.5-35B-A3B,default,sslo,sentence,16.0,64,4096,0,2,256,True,,,,,,,,,,,,0.28,sentence,112.3541148332879,109.19345545768738,284.5413608670234,113.78214222080715,110.61246143723838,285.8785622093593,43.44125374574848,44.03594018280581,46.205141214546686,112208.93171553325,109050.24887691252,284399.0250244503,196.6004000845652,165.0443205172196,613.585864655962,2.5261772498488426,0.47557216649875045,6.551976520726457,48.00612557427259,64.0,64.0,48.00612557427259,64.0,64.0,0.0,64.0,0.0,0.0,0.0,1287.5216258761054,1113.1124277599156,3729.6521523874203,0.0001720282126268708,0.98828125,253.0,256.0,0.01171875
Qwen/Qwen3.5-35B-A3B,default,sslo,sentence,16.0,64,4096,0,3,256,True,,,,,,,,,,,,0.28,sentence,113.94717835634947,105.43865633010864,294.99746930599207,115.52383670300514,106.50589573290199,296.1124247921165,43.54412175307268,44.1422064395187,45.93390875087492,113805.1910824106,105299.39808952622,294833.7116741808,194.60048168734608,163.40061695757322,613.1667804362255,0.4118452930512528,0.14368055714294314,0.9366866165306419,49.4349123124209,64.0,64.0,49.4349123124209,64.0,64.0,0.0,64.0,0.0,0.0,0.0,1286.9033173425435,1123.5835736151785,3721.2479111971356,0.00016707507239919803,0.98828125,253.0,256.0,0.01171875
Qwen/Qwen3.5-35B-A3B,default,sslo_adaptive,sentence,16.0,64,4096,0,1,256,True,,True,,,,,,,,,,0.28,sentence,104.90753991156816,100.6944590806961,264.63932025432587,106.88555086561314,102.57430008519441,265.59974511646664,43.30399533492784,43.85850237175295,45.37627600300291,104764.6431771118,100550.84540206008,264463.0632379092,189.72324391173362,158.30112083395943,602.0343329442247,5.619589546695352,0.8291433160193264,27.556897433870475,49.23040152963671,64.0,64.0,49.23040152963671,64.0,64.0,0.0,64.0,0.0,0.0,0.0,1293.416278252338,1105.9104825835675,4106.921471459792,0.0003601872973946452,0.984313725490196,251.0,255.0,0.015686274509803977
Qwen/Qwen3.5-35B-A3B,default,sslo_adaptive,sentence,16.0,64,4096,0,2,256,True,,True,,,,,,,,,,0.28,sentence,118.03085121884942,129.19676566123962,281.0152176737785,119.49812983846641,130.86682988936082,282.13991485703735,43.31293951038026,44.02745119413643,46.024151146353574,117887.52060287334,129045.10386055335,280852.4485118687,190.37841541976672,161.55536434892565,590.7456311245267,1.242250441884001,0.5106845959089696,3.1519784879963844,49.47792088316467,64.0,64.0,49.47792088316467,64.0,64.0,0.0,64.0,0.0,0.0,0.0,1267.4256682850832,1092.114123981446,3841.424511615188,0.00016870044424450317,0.98828125,253.0,256.0,0.01171875
Qwen/Qwen3.5-35B-A3B,default,sslo_adaptive,sentence,16.0,64,4096,0,3,256,True,,True,,,,,,,,,,0.28,sentence,123.2985437978059,131.16638481616974,295.0668554186821,124.75171690819116,131.9035908144433,297.1203473384958,43.28994975918121,44.11092597275995,45.92446950669554,123154.46563605474,131014.55298671499,294908.87484550476,188.84425186442041,158.47343950998038,577.7269541999782,10.427198093850166,10.427198093850166,10.427198093850166,49.495102884356186,64.0,64.0,49.495102884356186,64.0,64.0,0.0,64.0,0.0,0.0,0.0,1270.8474541028068,1094.2539379466325,3759.6606211038156,5.489679402722881e-05,0.99609375,255.0,256.0,0.00390625
Qwen/Qwen3.5-35B-A3B,default,baseline,sentence,32.0,64,4096,0,1,256,False,,,,,,,,,,,,,,107.75947859790176,104.90828442573547,259.75183062553407,109.35055216171735,106.27990139950998,262.31236486787907,43.4595248223752,44.075697503468525,45.65190126420871,107612.05471518406,104777.59285201319,259598.26933690347,183.13424695579133,151.91645002411678,581.185565393921,3.0466826141346246,0.6767906353343278,8.87138746464625,,,,,,,,,0.0,0.0,0.0,1288.0149878844404,1104.1631218977273,3897.334231566638,0.00036902638538655513,0.9763779527559056,248.0,254.0,0.023622047244094446
Qwen/Qwen3.5-35B-A3B,default,baseline,sentence,32.0,64,4096,0,2,256,False,,,,,,,,,,,,,,128.69211179111153,146.2644226551056,301.3755901098251,130.58465227046617,147.92069966578856,302.88762589252553,43.488965944888044,44.31682207661547,45.22308994640088,128541.38530822638,146130.82732073963,301217.5446257228,193.73000265669015,164.05023950268514,587.0189235721017,1.0096550824089938,0.675978955347091,8.527428610343474,,,,,,,,,0.0,0.0,0.0,1275.941029556955,1092.200678307563,3908.4685765253494,0.004934924078091106,0.9803921568627451,250.0,255.0,0.019607843137254943
Qwen/Qwen3.5-35B-A3B,default,baseline,sentence,32.0,64,4096,0,3,256,False,,,,,,,,,,,,,,110.28718341048807,107.53335750102997,278.8596065640449,111.6618862989817,108.79146869503893,279.4958279035985,42.992228542160646,43.5406493161123,45.26924724576053,110135.67874164619,107392.43057952262,278684.11992765026,190.3409226596727,158.37913762684911,607.9030342250495,4.787339284084737,0.4979062140919268,17.92350620424375,,,,,,,,,0.0,0.0,0.0,1258.7581172228972,1088.5315709747374,3644.9534124974125,0.000288300755347979,0.98046875,251.0,256.0,0.01953125
Qwen/Qwen3.5-35B-A3B,default,sslo,sentence,32.0,64,4096,0,1,256,True,,,,,,,,,,,,0.28,sentence,114.31717863213271,116.20433413982391,293.14387596845626,115.77015670114106,116.99170472519472,294.1283895956818,43.55209204753351,44.33217469315369,45.857082111454154,114169.55677523765,116067.84887216054,292972.09730008617,200.16841756765916,164.52995608514175,604.0106693929253,2.101324067823589,0.20532695250585675,9.307057804204524,48.860034649402756,64.0,64.0,48.860034649402756,64.0,64.0,0.0,64.0,0.0,0.0,0.0,1312.8298297689862,1128.762869630009,4030.8752595074575,0.00029020836960937953,0.9803921568627451,250.0,255.0,0.019607843137254943
Qwen/Qwen3.5-35B-A3B,default,sslo,sentence,32.0,64,4096,0,2,256,True,,,,,,,,,,,,0.28,sentence,115.58851974457502,109.78027391433716,292.13720257282256,117.13218045931535,110.97729708370753,294.39745080287105,43.73004005094841,44.3185931237668,46.950061364482345,115437.54376644029,109634.01697413065,291983.213396091,187.60902917619373,156.92962099285796,584.1009498147298,1.959414180892054,1.1091893268749118,6.772931164889595,50.049985879695,64.0,64.0,50.049985879695,64.0,64.0,0.0,64.0,0.0,0.0,0.0,1319.3278209360767,1120.5831510014832,4292.171982200818,0.00046929078430222324,0.984375,252.0,256.0,0.015625
Qwen/Qwen3.5-35B-A3B,default,sslo,sentence,32.0,64,4096,0,3,256,True,,,,,,,,,,,,0.28,sentence,110.2900398215279,107.53624475002289,278.85901004076,111.66418299092038,108.79294606181793,279.49396500673606,42.9928018741617,43.53977887871908,45.25700216806258,110139.14205376932,107395.76667244546,278684.3415332492,190.34015406977363,158.3722826060839,607.8967613640884,4.786396653670818,0.49636812740936875,17.924429171103984,50.4232580490149,64.0,64.0,50.4232580490149,64.0,64.0,0.0,64.0,0.0,0.0,0.0,1258.7684872749496,1088.7266173958778,3645.674786679437,0.000288300755347979,0.98046875,251.0,256.0,0.01953125
Qwen/Qwen3.5-35B-A3B,default,sslo_adaptive,sentence,32.0,64,4096,0,1,256,True,,True,,,,,,,,,,0.28,sentence,115.09140838030726,103.70472276210785,286.1763733625412,116.72364814615503,104.48375253914855,288.0539244015701,43.48324850996451,44.33486976568653,45.7308077658904,114944.44361586284,103586.36244293302,286015.9780120943,182.24464354792067,151.96974950795993,552.752641395662,0.5745776717085391,0.286104466766119,1.5629142753081393,49.5155770482656,64.0,64.0,49.5155770482656,64.0,64.0,0.0,64.0,0.0,0.0,0.0,1300.2557638848232,1110.860216896981,3993.89499060808,0.00023222060957910014,0.984375,252.0,256.0,0.015625
Qwen/Qwen3.5-35B-A3B,default,sslo_adaptive,sentence,32.0,64,4096,0,2,256,True,,True,,,,,,,,,,0.28,sentence,103.55370177235454,94.40421462059021,259.38513013124464,105.0464588995183,96.3005769806914,260.6576276493259,43.104596202611475,43.92838092266391,45.076380100629365,103405.02552095859,94272.76327158324,259247.05725172532,181.45367095058614,150.57310356432572,561.3428041358665,6.17126881107688,2.510816123802215,22.409899097904564,48.96719691730066,64.0,64.0,48.96719691730066,64.0,64.0,0.0,64.0,0.0,0.0,0.0,1274.6824383801631,1086.9692848064005,4117.8804199770175,0.00030961669453216916,0.9803921568627451,250.0,255.0,0.019607843137254943
Qwen/Qwen3.5-35B-A3B,default,sslo_adaptive,sentence,32.0,64,4096,0,3,256,True,,True,,,,,,,,,,0.28,sentence,110.2967575956136,107.5467563867569,278.87796273231504,111.6716242697712,108.80076380097307,279.53399039455684,42.99540853005805,43.543023518759576,45.29051663196158,110146.25636201345,107403.51856127381,278723.78248681774,190.33665355531764,158.37536749523133,607.8875496879676,4.788828353397548,0.49722765712067485,17.92752520184964,50.4232580490149,64.0,64.0,50.4232580490149,64.0,64.0,0.0,64.0,0.0,0.0,0.0,1258.8439403451766,1088.6272192001343,3644.6909656748126,0.000288300755347979,0.98046875,251.0,256.0,0.01953125
Qwen/Qwen3.5-35B-A3B,default,baseline,sentence,4.0,64,4096,0,1,256,False,,,,,,,,,,,,,,97.11160548962653,101.39999461174011,227.48531336784362,98.1186393403576,100.02200743788853,228.95792504658922,43.37451305339738,44.08065445885994,46.13813897133163,96971.89330868605,101251.35643268004,227322.62376993895,186.87998263849678,153.52262214408256,582.4755337322131,43.86834128418317,24.540660759899765,105.25380254758522,,,,,,,,,0.0,0.0,0.0,1299.8396741060487,1099.0037897136062,4095.5798372160643,0.00017829549506715798,0.9882352941176471,252.0,255.0,0.0117647058823529
Qwen/Qwen3.5-35B-A3B,default,baseline,sentence,4.0,64,4096,0,2,256,False,,,,,,,,,,,,,,97.57172110676765,97.05234456062317,243.17913092374798,99.01971217627033,98.8932022138033,244.25133091835303,42.97905508701052,43.88161481224415,45.422313691551736,97432.45423652297,96910.09492822923,242999.8246275354,184.18293693830276,155.52087891008705,569.7180455112737,12.643832795166722,1.2484662840142846,35.90108089431189,,,,,,,,,0.0,0.0,0.0,1268.039052702636,1084.9170978181064,3971.2171875312924,0.00017124265083623495,0.98828125,253.0,256.0,0.01171875
Qwen/Qwen3.5-35B-A3B,default,baseline,sentence,4.0,64,4096,0,3,256,False,,,,,,,,,,,,,,83.28516823146492,81.82042527198792,209.2805907011032,84.68093297979794,82.73936591856182,210.04590400797315,43.58604376652523,44.288899524817765,46.72815117244301,83146.48089206094,81644.1176130902,209120.95517199486,190.9218504640776,158.09308254299685,587.0919716503478,3.246289773262106,1.3928646859712899,9.783505235938353,,,,,,,,,0.0,0.0,0.0,1306.4708060729479,1123.3314878772944,3857.7860766556128,0.0002475860361475613,0.984375,252.0,256.0,0.015625
Qwen/Qwen3.5-35B-A3B,default,sslo,sentence,4.0,64,4096,0,1,256,True,,,,,,,,,,,,0.28,sentence,94.36985455825925,95.69974064826965,231.55998857021328,95.71295032237686,96.87477075215429,232.789473892888,43.16927392185249,43.96977611208667,45.625029829410344,94232.83467283363,95565.02162315883,231393.50303427776,185.43124644091336,155.15225951280445,562.3870343788712,10.322924021786699,5.990965734235942,24.195778091503307,47.45234630774827,64.0,64.0,47.45234630774827,64.0,64.0,0.0,64.0,0.0,0.0,0.0,1293.549425482058,1102.564848959446,4111.7003720067305,0.0001774622892635315,0.98828125,253.0,256.0,0.01171875
Qwen/Qwen3.5-35B-A3B,default,sslo,sentence,4.0,64,4096,0,2,256,True,,,,,,,,,,,,0.28,sentence,104.62328204605728,113.60197222232819,253.26098545789716,105.66204436314932,113.99020650517195,254.65000811838547,43.239964281016746,44.21136169914795,45.51185325774145,104485.8928315316,113465.25968285277,253113.16023403776,203.31594948804548,172.12927551660687,630.8654244122283,3.2429190936964005,1.8068979878444225,9.157007698598317,49.202041722148245,64.0,64.0,49.202041722148245,64.0,64.0,0.0,64.0,0.0,0.0,0.0,1265.4731759589117,1084.395547863096,3946.6645634826273,0.00021745039412883935,0.984313725490196,251.0,255.0,0.015686274509803977
Qwen/Qwen3.5-35B-A3B,default,sslo,sentence,4.0,64,4096,0,3,256,True,,,,,,,,,,,,0.28,sentence,81.1225534491241,77.20487308502197,204.24110505580902,82.8538127054296,78.26865798514336,205.3387852361705,42.905575644906456,43.566640746389226,46.09323993787907,80986.15351556873,77066.20720936917,204091.21043689083,184.49962131910058,150.83099705679342,593.5895192457829,11.614910397212952,11.614910397212952,22.6038594853878,49.214834742505765,64.0,64.0,49.214834742505765,64.0,64.0,0.0,64.0,0.0,0.0,0.0,1280.8726746734649,1100.6578542292118,3962.3202469665557,0.00012011290613176385,0.9921568627450981,253.0,255.0,0.007843137254901933
Qwen/Qwen3.5-35B-A3B,default,sslo_adaptive,sentence,4.0,64,4096,0,1,256,True,,True,,,,,,,,,,0.28,sentence,87.68364572711289,76.58946120738983,224.1264701128006,89.16837459597991,78.30551838455722,225.49804479831363,43.145066855022,44.137379292124066,45.533140893120546,87545.58901299242,76448.44248052686,223937.06085218582,183.42933665629613,151.7532822280191,601.1600940085389,0.8591719584849974,0.42319259606301785,2.014762485697865,46.68640857433244,64.0,64.0,46.68640857433244,64.0,64.0,0.0,64.0,0.0,0.0,0.0,1283.895943287323,1108.7267990224063,3918.4983818046762,0.00018171906232963838,0.98828125,253.0,256.0,0.01171875
Qwen/Qwen3.5-35B-A3B,default,sslo_adaptive,sentence,4.0,64,4096,0,2,256,True,,True,,,,,,,,,,0.28,sentence,94.20889485348016,89.05677235126495,230.1847931265831,96.17072536698433,95.57482306146994,231.73104107056744,43.2428815719561,43.99761744568415,46.25326365309535,94070.13005101544,88908.67145406082,230018.7991175335,190.09685633409447,156.8572124070488,596.4051373879195,3.5675080423243344,0.8411912093870342,11.707673312192782,47.90013959981387,64.0,64.0,47.92442996742671,64.0,64.0,0.0,64.0,0.0,0.0,0.0,1291.2979205380445,1092.3641750123352,4169.322529030033,0.0004186602870813397,0.9763779527559056,248.0,254.0,0.023622047244094446
Qwen/Qwen3.5-35B-A3B,default,sslo_adaptive,sentence,4.0,64,4096,0,3,256,True,,True,,,,,,,,,,0.28,sentence,99.16597747895867,104.85773742198944,230.96789482831954,100.59030242915651,106.33955825050361,232.04105942705647,43.20363707178633,44.17946203582826,45.67652366924383,99029.50921527372,104722.32503630221,230819.97112967074,188.711114123035,158.96205608081073,573.9010526473273,3.584242469475915,3.809700804296881,6.366610224954783,48.42305570876999,64.0,64.0,48.42305570876999,64.0,64.0,0.0,64.0,0.0,0.0,0.0,1293.6578623565822,1102.762809023261,3842.267145179227,0.00017600469345849224,0.9921875,254.0,256.0,0.0078125
