{
  "slack_mode": "previous_chunk",
  "row_count": 34246,
  "excluded_first_decoding_chunks": 180,
  "human": {
    "count": 34246,
    "mean": 2.2495188360890426,
    "p05": -0.4155035729636438,
    "p50": 1.6347437144140713,
    "p95": 6.769843989255605,
    "min": -11.204060435993597,
    "max": 60.53864702000283
  },
  "max_num_seqs": 32,
  "tensor_parallel_size": 1,
  "gpu_memory_utilization": 0.95
}