{
  "slack_mode": "cumulative",
  "row_count": 6584,
  "excluded_first_decoding_chunks": 180,
  "human": {
    "count": 6584,
    "mean": 319.19645389696586,
    "p05": 17.310616063536145,
    "p50": 274.60670882399427,
    "p95": 753.2979200847674,
    "min": -60.79456605098676,
    "max": 1404.0344241420971
  },
  "max_num_seqs": 64,
  "tensor_parallel_size": 1,
  "gpu_memory_utilization": 0.95
}