{
  "slack_mode": "cumulative",
  "row_count": 31643,
  "excluded_first_decoding_chunks": 180,
  "human": {
    "count": 31643,
    "mean": 310.5956377685178,
    "p05": 26.020805235777516,
    "p50": 250.2038217530353,
    "p95": 826.0414866563742,
    "min": -1.4619008970912546,
    "max": 1352.273728475091
  },
  "human_negative": {
    "count": 25,
    "fraction": 0.0007900641532092406
  },
  "max_num_seqs": 16,
  "tensor_parallel_size": 1,
  "gpu_memory_utilization": 0.95
}