{
  "max_num_seqs": 64,
  "control_case": false,
  "h2_ttft_p50_baseline": 63.02504634857178,
  "h2_ttft_p90_baseline": 94.86569271087646,
  "h2_ttft_p99_baseline": 95.49070610523223,
  "h2_ttft_max_baseline": 95.49221420288086,
  "h2_ttft_cohort": "post_cap_arrivals",
  "h2_ttft_count_baseline": 192,
  "h3_slack_neg_ratio_baseline": 0.020747663551401868,
  "h4_tpot_p50_baseline": 0.0586401824960157,
  "queue_stall_p50_baseline": 35.04117849748582,
  "queue_stall_p90_baseline": 93.18200119002722,
  "queue_stall_p99_baseline": 94.11452035949333,
  "queue_stall_max_baseline": 94.11452972702682,
  "slo_compliance_rate_baseline": 0.61328125,
  "slo_compliance_count_baseline": 157,
  "slo_total_requests_baseline": 256,
  "neg_slack_mag_p50_baseline": 1.3052557590417564,
  "neg_slack_mag_p90_baseline": 2.7653856908436865,
  "neg_slack_mag_p99_baseline": 5.8878921854775434,
  "neg_slack_mag_max_baseline": 19.93221933883615,
  "running_mean_baseline": null,
  "running_p50_baseline": null,
  "running_p99_baseline": null,
  "combined_mean_baseline": null,
  "combined_p50_baseline": null,
  "combined_p99_baseline": null,
  "pending_time_p50_baseline": 0.0,
  "pending_time_p90_baseline": 0.0,
  "pending_time_p99_baseline": 0.0,
  "pending_intervals_p50_baseline": 0.0,
  "pending_intervals_p90_baseline": 0.0,
  "inter_chunk_delay_p50_baseline": 1.1228793449699879,
  "inter_chunk_delay_p90_baseline": 2.3951448211912063,
  "inter_chunk_delay_p99_baseline": 4.335819600822869,
  "inter_chunk_delay_max_baseline": 20.738188419956714,
  "ttft": {
    "baseline_all": {
      "count": 256,
      "mean": 44.704387282952666,
      "p50": 36.2655211687088,
      "p90": 94.86430430412292,
      "p99": 95.49049825668335,
      "max": 95.49221420288086
    },
    "baseline_h2": {
      "count": 192,
      "mean": 58.74239057675004,
      "p50": 63.02504634857178,
      "p90": 94.86569271087646,
      "p99": 95.49070610523223,
      "max": 95.49221420288086
    },
    "sslo_all": {
      "count": 256,
      "mean": 29.360902004875243,
      "p50": 20.237523198127747,
      "p90": 77.74326229095459,
      "p99": 89.20041711330414,
      "max": 90.24218988418579
    },
    "sslo_h2": {
      "count": 192,
      "mean": 38.74367289741834,
      "p50": 29.04155707359314,
      "p90": 82.8015014410019,
      "p99": 89.20049907207489,
      "max": 90.24218988418579
    },
    "sslo_offload_all": {
      "count": 256,
      "mean": 28.89566547702998,
      "p50": 18.61324191093445,
      "p90": 78.33208453655243,
      "p99": 87.21348569393157,
      "max": 92.3185043334961
    },
    "sslo_offload_h2": {
      "count": 192,
      "mean": 38.122813653200865,
      "p50": 29.829596757888794,
      "p90": 81.38412797451019,
      "p99": 87.21916692972184,
      "max": 92.3185043334961
    },
    "sslo_adaptive_all": {
      "count": 256,
      "mean": 54.90612073801458,
      "p50": 43.56521797180176,
      "p90": 116.13181519508362,
      "p99": 126.66611239910125,
      "max": 139.6601526737213
    },
    "sslo_adaptive_h2": {
      "count": 192,
      "mean": 72.80380898341537,
      "p50": 92.99917161464691,
      "p90": 117.07496750354767,
      "p99": 126.66617986440659,
      "max": 139.6601526737213
    },
    "sslo_adaptive_offload_all": {
      "count": 256,
      "mean": 54.95419567916542,
      "p50": 43.72941207885742,
      "p90": 116.23646247386932,
      "p99": 143.36315654516218,
      "max": 144.60870027542114
    },
    "sslo_adaptive_offload_h2": {
      "count": 192,
      "mean": 72.86799298102657,
      "p50": 95.17500638961792,
      "p90": 116.51631374359131,
      "p99": 144.25544446229935,
      "max": 144.60870027542114
    }
  },
  "tpot": {
    "baseline": {
      "count": 256,
      "mean": 0.05809886467212292,
      "p50": 0.0586401824960157,
      "p90": 0.061227341702867685
    },
    "sslo": {
      "count": 256,
      "mean": 0.1312116843634465,
      "p50": 0.13792855655990766,
      "p90": 0.17350611792988574
    },
    "sslo_offload": {
      "count": 256,
      "mean": 0.13234917662121745,
      "p50": 0.14162870742578365,
      "p90": 0.17316658869968934
    },
    "sslo_adaptive": {
      "count": 256,
      "mean": 0.14379935587538115,
      "p50": 0.14407262245718017,
      "p90": 0.18438838383706452
    },
    "sslo_adaptive_offload": {
      "count": 256,
      "mean": 0.14190923943067688,
      "p50": 0.14154218262154428,
      "p90": 0.18930326169749878
    }
  },
  "queue_stall": {
    "baseline": {
      "count": 256,
      "p50": 35.04117849748582,
      "p90": 93.18200119002722,
      "p99": 94.11452035949333,
      "max": 94.11452972702682
    },
    "available": true,
    "sslo": {
      "count": 256,
      "p50": 20.00777248304803,
      "p90": 77.32226188655477,
      "p99": 88.79511395044392,
      "max": 90.049740226008
    },
    "sslo_offload": {
      "count": 256,
      "p50": 18.37637339893263,
      "p90": 77.88403375656344,
      "p99": 86.70713988813804,
      "max": 92.12272146809846
    },
    "sslo_adaptive": {
      "count": 256,
      "p50": 43.04059089208022,
      "p90": 115.36509859445505,
      "p99": 126.27005896859336,
      "max": 139.50472629000433
    },
    "sslo_adaptive_offload": {
      "count": 256,
      "p50": 43.1848743109731,
      "p90": 115.71960991004016,
      "p99": 143.1033338475972,
      "max": 144.45932186511345
    }
  },
  "slack": {
    "baseline": {
      "count": 5350,
      "neg_slack_ratio": 0.020747663551401868,
      "p5": 0.0,
      "p50": 28.237106800312176,
      "p95": 62.09909656323727
    },
    "sslo": {
      "count": 5321,
      "neg_slack_ratio": 0.02631084382634843,
      "p5": 0.0,
      "p50": 8.081849810900167,
      "p95": 36.656695005018264
    },
    "sslo_offload": {
      "count": 5281,
      "neg_slack_ratio": 0.026131414504828632,
      "p5": 0.0,
      "p50": 7.766038346104324,
      "p95": 36.412179694045335
    },
    "sslo_adaptive": {
      "count": 5326,
      "neg_slack_ratio": 0.09800976342470898,
      "p5": -3.349867024749983,
      "p50": 5.611958314199001,
      "p95": 25.451682666607667
    },
    "sslo_adaptive_offload": {
      "count": 5258,
      "neg_slack_ratio": 0.09927729174591099,
      "p5": -3.279335404431913,
      "p50": 5.502121657133102,
      "p95": 29.234721290692676
    }
  },
  "slo_compliance": {
    "baseline": {
      "rate": 0.61328125,
      "count": 157,
      "total_requests": 256
    },
    "sslo": {
      "rate": 0.5390625,
      "count": 138,
      "total_requests": 256
    },
    "sslo_offload": {
      "rate": 0.55859375,
      "count": 143,
      "total_requests": 256
    },
    "sslo_adaptive": {
      "rate": 0.25,
      "count": 64,
      "total_requests": 256
    },
    "sslo_adaptive_offload": {
      "rate": 0.3125,
      "count": 80,
      "total_requests": 256
    }
  },
  "neg_slack_magnitude": {
    "baseline": {
      "count": 111,
      "p50": 1.3052557590417564,
      "p90": 2.7653856908436865,
      "p99": 5.8878921854775434,
      "max": 19.93221933883615
    },
    "sslo": {
      "count": 140,
      "p50": 1.414945268072188,
      "p90": 3.6245101954089485,
      "p99": 18.059029136104463,
      "max": 24.72082155686803
    },
    "sslo_offload": {
      "count": 138,
      "p50": 1.3217909779632464,
      "p90": 3.8412687767995517,
      "p99": 10.061009553621979,
      "max": 17.455939201870933
    },
    "sslo_adaptive": {
      "count": 522,
      "p50": 3.4868836875539273,
      "p90": 22.998390753893187,
      "p99": 42.76005356606326,
      "max": 79.36468375008553
    },
    "sslo_adaptive_offload": {
      "count": 522,
      "p50": 3.3277639319421723,
      "p90": 18.079333027568648,
      "p99": 42.002325746458894,
      "max": 78.35521096200682
    }
  },
  "running": {
    "baseline": {
      "mean": null,
      "p50": null,
      "p99": null
    },
    "sslo": {
      "count": 2027,
      "mean": 59.25407005426739,
      "p50": 64.0,
      "p99": 64.0
    },