{
  "configs": [
    {
      "max_num_seqs": 32,
      "control_case": false,
      "h1_pending_plus_running_exceeds_cap": true,
      "h1_note": null,
      "h1_max_combined": 186,
      "h1_iterations_above_cap": 4003,
      "h2_ttft_p50_baseline": 28.607847571372986,
      "h2_ttft_p50_sslo": 11.936750173568726,
      "h2_ttft_p50_pct_change": -58.274560349959806,
      "h2_ttft_p90_baseline": 49.51483829021454,
      "h2_ttft_p90_sslo": 41.30924737453461,
      "h2_ttft_cohort": "post_cap_arrivals",
      "h2_ttft_count_baseline": 224,
      "h2_ttft_count_sslo": 224,
      "h2_ttft_p50_not_worse": true,
      "h3_slack_neg_ratio_baseline": 0.003279548734094189,
      "h3_slack_neg_ratio_sslo": 0.0037834311806914547,
      "h3_slack_neg_ratio_not_worse": false,
      "h4_tpot_p50_baseline": 0.013635386489131242,
      "h4_tpot_p50_sslo": 0.06851683376236671,
      "h4_tpot_p50_pct_change": 402.49278828276294,
      "queue_stall_p50_baseline": 22.85712783690542,
      "queue_stall_p50_sslo": 8.87559038051404,
      "queue_stall_p90_baseline": 49.41962490300648,
      "queue_stall_p90_sslo": 40.894774869666435,
      "queue_stall_p50_pct_change": -61.169266568202,
      "ttft": {
        "baseline_all": {
          "count": 256,
          "mean": 24.808164010755718,
          "p50": 22.908767819404602,
          "p90": 49.51439189910889,
          "p99": 49.543971705436704
        },
        "sslo_all": {
          "count": 256,
          "mean": 15.259096957743168,
          "p50": 8.913190364837646,
          "p90": 40.98147356510162,
          "p99": 43.298432564735414
        },
        "baseline_h2": {
          "count": 224,
          "mean": 28.329673441393034,
          "p50": 28.607847571372986,
          "p90": 49.51483829021454,
          "p99": 49.544002680778505
        },
        "sslo_h2": {
          "count": 224,
          "mean": 17.417016323123658,
          "p50": 11.936750173568726,
          "p90": 41.30924737453461,
          "p99": 43.33297098636627
        }
      },
      "tpot": {
        "baseline": {
          "count": 256,
          "mean": 0.01363024740324287,
          "p50": 0.013635386489131242,
          "p90": 0.01416277729996358
        },
        "sslo": {
          "count": 256,
          "mean": 0.06010035890967547,
          "p50": 0.06851683376236671,
          "p90": 0.08305051725735038
        }
      },
      "queue_stall": {
        "baseline": {
          "count": 256,
          "p50": 22.85712783690542,
          "p90": 49.41962490300648
        },
        "sslo": {
          "count": 256,
          "p50": 8.87559038051404,
          "p90": 40.894774869666435
        },
        "available": true
      },
      "slack": {
        "baseline": {
          "count": 7623,
          "neg_slack_ratio": 0.003279548734094189,
          "p5": 2.035372448619455,
          "p50": 49.780586093897,
          "p95": 103.3250057164114
        },
        "sslo": {
          "count": 7665,
          "neg_slack_ratio": 0.0037834311806914547,
          "p5": 1.758532172907144,
          "p50": 38.515283045126125,
          "p95": 78.59473034292458
        }
      },
      "run_complete": true,
      "missing_files": [],
      "run_status": {
        "baseline": 0,
        "sslo": 0
      },
      "output_dir": "exp/sslo_test/output/seqs_32"
    },
    {
      "max_num_seqs": 64,
      "control_case": false,
      "h1_pending_plus_running_exceeds_cap": true,
      "h1_note": null,
      "h1_max_combined": 252,
      "h1_iterations_above_cap": 1983,
      "h2_ttft_p50_baseline": 18.2247953414917,
      "h2_ttft_p50_sslo": 4.670373916625977,
      "h2_ttft_p50_pct_change": -74.37351789628543,
      "h2_ttft_p90_baseline": 26.894660568237306,
      "h2_ttft_p90_sslo": 9.497467136383056,
      "h2_ttft_cohort": "post_cap_arrivals",
      "h2_ttft_count_baseline": 192,
      "h2_ttft_count_sslo": 192,
      "h2_ttft_p50_not_worse": true,
      "h3_slack_neg_ratio_baseline": 0.004182509505703422,
      "h3_slack_neg_ratio_sslo": 0.0041247744263985565,
      "h3_slack_neg_ratio_not_worse": true,
      "h4_tpot_p50_baseline": 0.01707192018779392,
      "h4_tpot_p50_sslo": 0.05764313637294466,
      "h4_tpot_p50_pct_change": 237.6488159437293,
      "queue_stall_p50_baseline": 11.660844241036102,
      "queue_stall_p50_sslo": 3.3402051120065153,
      "queue_stall_p90_baseline": 26.79538887005765,
      "queue_stall_p90_sslo": 9.04706168489065,
      "queue_stall_p50_pct_change": -71.3553749371604,
      "ttft": {
        "baseline_all": {
          "count": 256,
          "mean": 13.66606875602156,
          "p50": 11.735446810722351,
          "p90": 26.89057457447052,
          "p99": 26.92193970680237
        },
        "sslo_all": {
          "count": 256,
          "mean": 3.9992476934567094,
          "p50": 3.3823739290237427,
          "p90": 9.138216614723206,
          "p99": 10.733065843582153
        },
        "baseline_h2": {
          "count": 192,
          "mean": 18.11985682323575,
          "p50": 18.2247953414917,
          "p90": 26.894660568237306,
          "p99": 26.922020490169526
        },
        "sslo_h2": {
          "count": 192,
          "mean": 5.2310809542735415,
          "p50": 4.670373916625977,
          "p90": 9.497467136383056,
          "p99": 10.742304120063782
        }
      },
      "tpot": {
        "baseline": {
          "count": 256,
          "mean": 0.01714279471315419,
          "p50": 0.01707192018779392,
          "p90": 0.0176048129432472
        },
        "sslo": {
          "count": 256,
          "mean": 0.05540587227989361,
          "p50": 0.05764313637294466,
          "p90": 0.06590683180237382
        }
      },
      "queue_stall": {
        "baseline": {
          "count": 256,
          "p50": 11.660844241036102,
          "p90": 26.79538887005765
        },
        "sslo": {
          "count": 256,
          "p50": 3.3402051120065153,
          "p90": 9.04706168489065
        },
        "available": true
      },
      "slack": {
        "baseline": {
          "count": 7890,
          "neg_slack_ratio": 0.004182509505703422,
          "p5": 2.1792606479721144,
          "p50": 49.749737590085715,
          "p95": 101.9049343906343
        },
        "sslo": {
          "count": 7758,
          "neg_slack_ratio": 0.0041247744263985565,
          "p5": 2.0730139615014203,
          "p50": 39.59843808691949,
          "p95": 80.27065117862075
        }
      },
      "run_complete": true,
      "missing_files": [],
      "run_status": {
        "baseline": 0,
        "sslo": 0
      },
      "output_dir": "exp/sslo_test/output/seqs_64"
    },
    {
      "max_num_seqs": 128,
      "control_case": false,
      "h1_pending_plus_running_exceeds_cap": true,
      "h1_note": null,
      "h1_max_combined": 256,
      "h1_iterations_above_cap": 954,
      "h2_ttft_p50_baseline": 11.464776396751404,
      "h2_ttft_p50_sslo": 2.949127197265625,
      "h2_ttft_p50_pct_change": -74.27662699028937,
      "h2_ttft_p90_baseline": 11.538919138908387,
      "h2_ttft_p90_sslo": 4.071693181991577,
      "h2_ttft_cohort": "post_cap_arrivals",
      "h2_ttft_count_baseline": 128,
      "h2_ttft_count_sslo": 128,
      "h2_ttft_p50_not_worse": true,
      "h3_slack_neg_ratio_baseline": 0.005153975003221235,
      "h3_slack_neg_ratio_sslo": 0.005360493165371214,
      "h3_slack_neg_ratio_not_worse": false,
      "h4_tpot_p50_baseline": 0.020497656943333026,
      "h4_tpot_p50_sslo": 0.03676064293070672,
      "h4_tpot_p50_pct_change": 79.34070724441177,
      "queue_stall_p50_baseline": 5.685712050530128,
      "queue_stall_p50_sslo": 1.0863826875574887,
      "queue_stall_p90_baseline": 11.425176593009382,
      "queue_stall_p90_sslo": 3.578603047411889,
      "queue_stall_p50_pct_change": -80.89275929025995,
      "ttft": {
        "baseline_all": {
          "count": 256,
          "mean": 5.975166803225875,
          "p50": 5.78826904296875,
          "p90": 11.523707628250122,