{
  "slack_mode": "previous_chunk",
  "row_count": 6594,
  "excluded_first_decoding_chunks": 180,
  "human": {
    "count": 6594,
    "mean": 12.415491753737614,
    "p05": -1.0955994181393178,
    "p50": 8.561508362996392,
    "p95": 36.37360014835719,
    "min": -179.96404768689536,
    "max": 525.0367431109771
  },
  "max_num_seqs": 16,
  "tensor_parallel_size": 1,
  "gpu_memory_utilization": 0.95
}