{
  "slack_mode": "cumulative",
  "row_count": 35196,
  "excluded_first_decoding_chunks": 180,
  "human": {
    "count": 35196,
    "mean": 349.91430674315814,
    "p05": 31.086684651032556,
    "p50": 288.1441170065664,
    "p95": 901.5846655475034,
    "min": -0.3343939500628039,
    "max": 1389.5750537230633
  },
  "human_negative": {
    "count": 4,
    "fraction": 0.00011364927832708262
  },
  "max_num_seqs": 16,
  "tensor_parallel_size": 1,
  "gpu_memory_utilization": 0.95
}