{
  "slack_mode": "cumulative",
  "row_count": 34246,
  "excluded_first_decoding_chunks": 180,
  "human": {
    "count": 34246,
    "mean": 333.9491158693116,
    "p05": 29.079638749040896,
    "p50": 273.8600280950195,
    "p95": 827.9437871267146,
    "min": -0.9949120071250945,
    "max": 1380.3694214839488
  },
  "max_num_seqs": 32,
  "tensor_parallel_size": 1,
  "gpu_memory_utilization": 0.95
}