max_num_seqs,row_count,mean,p05,p50,p95,min,max,tensor_parallel_size,gpu_memory_utilization
16,6594,328.58623485352257,19.20579114770517,278.7703833190026,814.6097944094333,-174.92404768697452,1390.0966143170372,1,0.95
32,6487,320.10328841266966,18.659080614708365,272.2799083730206,789.305626018578,-105.41541991301347,1370.7418627360603,1,0.95
64,6584,319.19645389696586,17.310616063536145,274.60670882399427,753.2979200847674,-60.79456605098676,1404.0344241420971,1,0.95
128,6843,343.9836972801555,21.839274659089277,287.7629465730861,853.8511099739117,-133.766983587062,1373.261829848052,1,0.95
