{
  "slack_mode": "cumulative",
  "row_count": 32120,
  "excluded_first_decoding_chunks": 180,
  "human": {
    "count": 32120,
    "mean": 316.6523724776447,
    "p05": 27.673095087875843,
    "p50": 251.31945439247647,
    "p95": 857.2720928813912,
    "min": -3.028671480016783,
    "max": 1347.5864548539976
  },
  "human_negative": {
    "count": 45,
    "fraction": 0.0014009962640099626
  },
  "max_num_seqs": 64,
  "tensor_parallel_size": 1,
  "gpu_memory_utilization": 0.95
}