{
  "slack_mode": "cumulative",
  "row_count": 6258,
  "excluded_first_decoding_chunks": 180,
  "human": {
    "count": 6258,
    "mean": 304.60684012174397,
    "p05": 13.628676237148472,
    "p50": 257.2045733470004,
    "p95": 752.6793733774847,
    "min": -393.58644867595285,
    "max": 1323.3815035339212
  },
  "human_negative": {
    "count": 181,
    "fraction": 0.028922978587408117
  },
  "max_num_seqs": 32,
  "tensor_parallel_size": 1,
  "gpu_memory_utilization": 0.95
}