{
  "slack_mode": "cumulative",
  "row_count": 6079,
  "excluded_first_decoding_chunks": 180,
  "human": {
    "count": 6079,
    "mean": 303.1886870310969,
    "p05": 13.584792971925346,
    "p50": 248.08729506505188,
    "p95": 807.7581171498507,
    "min": -121.55881619686261,
    "max": 1487.3275184399681
  },
  "human_negative": {
    "count": 169,
    "fraction": 0.027800625102812962
  },
  "max_num_seqs": 16,
  "tensor_parallel_size": 1,
  "gpu_memory_utilization": 0.95
}